title,OEM,OEM Number,Description,Product Availability
Accel Suppression Power Supply,Varian ,E11001040,Varian Accel Suppression Power Supply E11001040,
Orientor Lifter Controller,Varian ,E11001690,Varian Orientor Lifter Controller E11001690,
Right Elevator Controller,Varian ,E11000821,Varian Right Elevator Controller E11000821,
Left Elevator Controller,Varian ,E11000821,Varian Left Elevator Controller E11000821,
9500 150mm Wheel,AMAT ,150mm Wheel,AMAT 9500 150mm Wheel,
Beam Profiler Interface,AMAT ,0100-90286,AMAT / APPLIED MATERIALS: Beam Profiler Interface 0100-90286,
Vibration Transducer ,AMAT ,1350-90101,AMAT / APPLIED MATERIALS Vibration Transducer 1350-90101,
Quad Rotate Gripper Vacuum Disptach Board,AMAT ,9240-00859,AMAT / APPLIED MATERIALS Quad Rotate Gripper Vacuum Disptach Board 9240-00859,
Quad Rotate Gripper Conductive Finger,AMAT ,0020-16195,AMAT / APPLIED MATERIALS Quad Rotate Gripper Conductive Finger 0020-16195,
Quad Rotate Gripper Detection Finger,AMAT ,9240-01154,AMAT / APPLIED MATERIALS Quad Rotate Gripper Detection Finger 9240-01154,
Quad Rotate Gripper Motor,AMAT ,1080-00033,AMAT / APPLIED MATERIALS Quad Rotate Gripper Motor 1080-00033,
ASSY 24v XP PSU,AMAT ,9090-00033,AMAT / APPLIED MATERIALS ASSY 24v XP PSU 9090-00033,
HiPace 1200 U,Pfeiffer,PM P04 423 B,Pfeiffer HiPace 1200 U,
Quad Rotate Gripper,AMAT ,9240-06280,AMAT : 9240-06280 Quad Rotate Gripper,
SENSOR LEFT ARM,AMAT ,0150-97666,AMAT / APPLIED MATERIALS SENSOR LEFT ARM / 0150-97666,
 Mass Flow Controller Low Pressure BF3 5SCCM,AMAT ,E23000636,MASS FLOW CONTROLLER PRESSURE BF3 5SCCM,
DELTA TAU PMAC 1 ATMOS VME PCB,AMAT ,0015-02113,AMAT / APPLIED MATERIALS 0015-02113 DELTA TAU PMAC 1 ATMOS VME PCB,
ARC VOLTAGE CONTROL BOARD PCB,AMAT ,0120-93701,AMAT / APPLIED MATERIALS ARC VOLTAGE CONTROL BOARD PCB / 0120-93701,
HIVOLT HIGH VOLTAGE CONVERTER ,AMAT ,1140-90162,"ADVANCE HIVOLT: A1023050, AMAT / APPLIED MATERIALS: 1140-90162",
COOLED TUBE ASSY LEAPII,AMAT , 9010-02762,AMAT / APPLIED MATERIALS: 9010-02762,
ARC & FIL CHASSIS BULGIN RETROFIT,AMAT ,9240-05606,AMAT / APPLIED MATERIALS: 9240-05606 / 9090-01252 / 0090-91572 / 9240-05606,
Hivolt 1000 Series Power Supply,AMAT ,1140-00109,"ADVANCE HIVOLT: A1030050, AMAT / APPLIED MATERIALS: 1140-00109",
Scan Power Supply (PSU),Varian ,5350001,Varian 05350001 Scan PSU  ,
Dual Vaporizer,Varian ,11000034,Varian E11000034 / E11038040 Dual Vaporizer PSU  ,
Platten Tilter Servo Controller,Varian ,E11048890,"Varian E11048890 PLATE,TILT,SERVO,CONTROL",
Source Magnet Power Supply (New),AMAT ,9090-00045,AMAT / APPLIED MATERIALS Source Magnetic Power Supply 9090-00045,
Scan PSU,Varian ,P5350,Varian P5350 Scan PSU,
Filament Power Supply,Varian ,E11000034,Varian 11000034 Filament Power Supply,
DOSE INTEGRATOR ASSY,Varian ,E11001030,Varian E11001030 DOSE INTEGRATOR ASSY,
Linear Motor Servo Controller,Varian ,E11001060,Varian E11001060 Linear Motor Servo Controller,
Accel Column,Varian ,E11037340,Varian E11035720 / E11037340 Accel Column,
Travelling Faraday Assembly VB7444B40,Varian ,VB7444B40,Varian Travelling Faraday Assembly - VB7444B40 - 10093965,
INTERFACE E SERIES,Varian ,101927002,Varian 101927002,
CTI CRYO CONTROLLER,Varian ,E11040280,Varian E11040280 CTI CRYO CONTROLLER,
Vaporizer Control,Varian ,E113434001,Varian E113434001 Vaporizer Control,
Terminal Suppression Power Supply,Varian ,E11000022,Varian E11000020 / E11000022 Terminal Suppression Power Supply,
LEAP INSULATOR,AMAT ,11633862,LEAP INSULATOR (AMAT QUANTUM X),
ASSY MERC SHFT & SEAL DD VA,AMAT ,0010-92438,AMAT APPLIED MATERIALS 0010-92438 ASSY MERC SHFT & SEAL DD VA,
O RING VITON BS377,AMAT ,3700-90123,AMAT 3700-90123 O-RING 5.33D 253.37ID BS377,
SCREW CAPTIVE M4X14,AMAT ,0020-85806,AMAT 0020-85806 SCREW CAPTIVE M4X14,
FLIGHT TUBE OUTER INSERT,AMAT ,0020-99455,"AMAT 0020-99455 OUTER INSERT, FLIGHT TUBE",
INSULATOR SHIELD,AMAT ,0021-90851,AMAT INSULATOR SHIELD 0021-90851,
GROUND ELECTRODE ASSEMBLY,AMAT ,0020-85090,"AMAT 0020-85090 - ELECTRODE, GROUND",
PRE-MRS SLIT,AMAT ,0020-85069,AMAT 0020-85069 - PRE-MRS SLIT,
GAUGE VACUUM 1MTORR 0-15VDC NW16 PLATINU,AMAT ,3310-00229,AMAT 3310-00229 GAUGE VACUUM 1MTORR 0-15VDC NW16 PLATINU,
GUIDE TUBE SUPPORT,AMAT ,,AMAT 0020-41858 - GUIDE TUBE SUPPORT,
FILTER DEIONIZING,AMAT ,4020-90026,AMAT 4020-90026 - FILTER DEIONIZING,
SHIELD FILAMENT,AMAT ,,AMAT 0021-90298 SHIELD FILAMENT,
BEAMSTOP GRAPHITE LEAP II,AMAT ,0020-99635,"AMAT 0020-99635 BEAMSTOP, GRAPHITE, LEAP II",
SCREW CAPITIVE M4X22,AMAT ,0020-85805,AMAT 0020-85805 SCREW CAPITIVE M4 X 22,
"GATE VALVE LINER, CLAMP PLATE",,0020-83172,"AMAT 0020-83172 LINER, CLAMP PLATE, GATE VALVE (9500 IMPLANT)",
O-RING 1 78D 3 68ID SILICONE,AMAT ,3700-90349,AMAT 3700-90349 - O-RING 1 78D 3 68ID SILICONE,
WHIM Exchange Arm Controller (NEW),AMAT ,0090-91982,"AMAT Applied Materials 0090-91982 - WAFER ARM WH I/F MDL ASSY  - Wafer Handling Interface Module
Rat (WHIM) Exchange Arm Controller",
WHIM Transfer Arm (RAT),AMAT ,0090-91985,AMAT Applied Materials 0090-91985 WHIM (RAT) Transfer Arm - Wafer Handling Interface Module,
Transfer Arm Motor,AMAT ,1080-00014,AMAT 1080-00014 Transfer Arm Motor,
AMAT Moving Clip (NEW),AMAT ,0090-01918,AMAT Applied Materials 0090-01918 Moving Clip,
WIM ROBOT SAFETY CONTROLLER MDL,AMAT ,0090-93054,AMAT Applied Materials 0090-93054 - ROBOT SAFETY CONTROLLER MODULE,
WHIM Quad Rotate Controller,,3X8G,WHIM Quad Rotate Controller,
Load Port Board,AMAT ,0110-00313,AMAT Applied Materials 0110-00313 Load Port Board,
NUT ELECTRODE G2 (NEW),AMAT ,0020-06274,AMAT Applied Materials 0020-06274 Nut Electrode G2,
Graphite Beam Stop (NEW),,0020-99637,Applied Materials (AMAT) 0020-99637,
Tetrode Diver Board,AMAT ,0100-00520,AMAT 0100-00520 Tetrode Diver Board,
Graphite Beam Stop (NEW),AMAT ,0020-99636,Applied Materials (AMAT) 0020-99636 SHIELDING END LEAP II,
Cassette 200mm,AMAT ,0010-92535,AMAT Applied Materials 0010-92535 Cassette 200mm,
Quad Rotate Gripper 300mm,AMAT ,0020-25609,AMAT Applied Materials 0020-25609 Quad Rotate Gripper 300mm ,
Blade Plate 300mm,AMAT ,0020-43486,AMAT Applied Materials 0020-43486 Blade Plate 300mm,
Fixed Clips Assy (NEW),AMAT ,0040-45804,AMAT 0040-45804 Fixed Clip,
Heatsink 200mm,AMAT ,0040-07593,AMAT 0040-07593 Heatsink 200mm,
BAFFLE TURBO SOURCE,AMAT ,0020-84799,AMAT 0020-84799 BAFFLE TURBO SOURCE,
KIT SHIELD QUARTERLY,AMAT ,,KIT SHIELD QUARTERLY,
SHIELD-CAPOTS-ULE,AMAT ,,SHIELD-CAPOTS MRS,
BEAMSTOP KIT,AMAT ,,BEAMSTOP KIT,
COOLING CAN TURBO,AMAT ,,COOLING CAN TURBO,
COOLING CAN EXTRACT,AMAT ,,COOLING CAN EXTRACT ,
COOLING CAN CENTER,AMAT ,,COOLING CAN CENTER ,
CRYO GATE VALVE 4699874-0001,AMAT ,3870-90302,APPLIED MATERIALS AMAT 3870-90302 / CRYO GATE VALVE 4699874-0001,
Extraction Assembly (QUANTUM),AMAT ,0010-93038,AMAT 0010-93038 Extraction Assembly (Quantum),
COOLED TUBE ASSY LEAPII,AMAT ,9010-00678,AMAT 9010-00678 COOLED TUBE ASSY LEAPII,
Source Bushing,AMAT ,0040-99226,AMAT Source Bushing XR80 / 0040-99226,
ASSY HD PFS HEAD QUANTUM,AMAT ,0240-61414,"AMAT 0240-61414 - ASSY HD-PFS HEAD QUANTUM
In Stock (Available)",
MRS ASSY COMM PARTS,AMAT ,0010-91802,AMAT 0010-91802 MRS ASSY COMM PARTS,
Focus Lens Housing,AMAT ,0020-87805,AMAT 0020-87805 Focus Lens Housing,
ASSY FLT TUBE W/DUMP MARK II,AMAT ,0010-99078,AMAT 0010-99078 ASSY FLT TUBE W/DUMP MARK II,
APERTURE SUPPORT CAGE,AMAT ,0040-95888,AMAT 0040-95888 APERTURE SUPPORT CAGE,
ASSY TETRODE ION,AMAT ,0010-93173,AMAT ASSY TETRODE ION 0010-93173,
Wafer Arm Transfer Motor (NEW),AMAT ,1080-90047 ,AMAT MOTOR 9500 TRANSFER ARM 1080-90047,
PWBA ARC VOLTAGE CONTROL BOARD,AMAT ,0100-01884,"AMAT / APPLIED MATERIALS 0100-01884, PWBA ARC VOLTAGE CONTROL PCB BOARD",
PSU XANTREX 600V 2A BIAS SP,AMAT ,1140-00598,AMAT / APPLIED MATERIALS: 1140-00598 PSU XANTREX 600V 2A BIAS SP,
ARC PSU XANTREX 120V 10A ,AMAT ,1140-00599,AMAT / APPLIED MATERIALS ARC PSU XANTREX 120V 10A ARC SP (XHR-120-10 SP) 1140-00599,
MOTECH PSU MP80,AMAT ,0190-40545,"AMAT / APPLIED MATERIALS: 0190-40545, 230VRMS PSU/AMP UNIT MOTECH PSU MP80",
MODIFIED VACUUM PUMP,AMAT ,0015-00512,AMAT / APPLIED MATERIALS 0015-00512 MODIFIED VACUUM PUMP,
VAT Slit Valve,VAT,03112-LA24-AKV1,VAT: 03112-LA24-AKV1 RECTANGULAR INSERT MONOVAT LOADLOCK,
Hivolt 1000 Series Power Supply,Advance Hivolt,1140-90179,"ADVANCE HIVOLT: A1018860, AMAT / APPLIED MATERIALS: 1140-90179, 1140-90179",
PSU 300W 48V 6A 47-63HZ - VI MU4,AMAT ,1140-90109,PSU 300W 48V 6A 47-63HZ 1140-90109,
QUANTUM PC ,AMAT ,9090-01499,AMAT / APPLIED MATERIALS 9090-01499 QUANTUM PC RUNNING WINDOWS NT,
QUANTUM PC,AMAT ,9090-00049,AMAT / APPLIED MATERIALS: 9090-00049 QUANTUM PC RUNNING WINDOWS NT,
RESOLVER ASSY COMPACTSCAN,AMAT ,0240-61528,AMAT / APPLIED MATERIALS: 0240-61528 RESOLVER ASSY COMPACTSCAN,
DE-816TP Ethernet 16-port Hub,,DE-816TP,DE-816TP Ethernet 16-port Hub,
CTI ON BOARD 10 CRYOPUMP,CTI,8116148G004,CTI-Cryogenics 8116148G004 On-Board 10 Cryopump,
Source Magnet Power Supply,AMAT ,9090-00791,AMAT / APPLIED MATERIALS ASSEMBLY MAG PSU 9090-00791,
I/V Converter Power Supply Board,AMAT ,0100-91105,AMAT / APPLIED MATERIALS PWBA DC I TO V PSU 0100-91105,
PWBA SOL/FIL EXT INTERFACE,AMAT ,0100-91087,AMAT / APPLIED MATERIALS PWBA SOL/FIL EXT INTERFACE 0100-91087,
ASTEC PSU 48V 31.9A O/P,AMAT ,1140-90189,AMAT / APPLIED MATERIALS PSU 48V 31.9A O/P 1140-90189,
ARTESYN PSU ,AMAT ,1140-90090,"AMAT / APPLIED MATERIALS: 1140-90090, 1140-90090, ARTESYN: N1204-1XXX (MODE LEVEL 2)",
ROBOT SAFETY CONTROLLER MODULE,AMAT ,9090-00006,AMAT / APPLIED MATERIALS ROBOT SAFETY CONTROLLER MODULE 9090-00006,
Universal DAQ Module,AMAT ,0660-00600,AMAT / Applied Materials Universal DAQ Module 0660-00633,
Turbotronik NT20 Turbo Pump Controller,Leybold,3620-99014,AMAT / APPLIED MATERIALS: 3620-99014,
CENTRECOM MX10S AUI-BNC,AMAT ,0720-00407,"AMAT / APPLIED MATERIALS: 0720-00407, ALLIED TELESYN: 0720-00407, CONN ETHERNET TRANS AUI-BNC / CENTRECOM MX10S AUI-BNC",
TURBO DRIVE TD20 CONTROLLER,Leybold,800075V0005,LEYBOLD TURBO DRIVE TD20 CONTROLLER 100-240VAC 50/60 HZ 490VA 330W,
Power Supply Tetrode,AMAT ,1140-90164,"ADVANCE HIVOLT: 1140-90164, AMAT / APPLIED MATERIALS: 1140-90164, 1140-90164",
QUAD ROTATE CONTROLLER,AMAT ,0090-01676,AMAT / APPLIED MATERIALS 0090-01676 - AIT QUAD CONTROLLER,
THERMISTOR GAUGE CONTROLLER,AMAT ,0100-40077,AMAT / APPLIED MATERIALS THERMISTOR GAUGE CONTROLLER 0100-40077,
G2 SERIES PROTECTION RESISTOR,AMAT ,9090-00659,AMAT / APPLIED MATERIALS G2 SERIES PROTECTION RESISTOR 9090-00659,
MFC 5SCCM AR VCR 1/4 AUTO SHUT OFF,AMAT ,3030-16620,AMAT / Applied Materials MFC 5SCCM AR VCR 1/4 AUTO SHUT OFF 3030-16620,
ELMO MOTION CONTROL SBA-10/100H,AMAT ,SBA-10/100H,AMAT / APPLIED MATERIALS ELMO MOTION CONTROL SBA-10/100H SERVO AMPLIFIER ,
MFC 5SCCM AR VCR 1/4 AUTO SHUT OFF,AMAT ,3030-18908,AMAT / APPLIED MATERIALS MFC 5SCCM AR VCR 1/4 AUTO SHUT OFF,
ARC VOLTAGE CONTROL BOARD,AMAT ,0100-90930,AMAT / APPLIED MATERIALS ARC VOLTAGE CONTROL BOARD 0100-90930,
GUIDING TUBE PCB,AMAT ,0100-91085,AMAT / APPLIED MATERIALS GUIDING TUBE PCB 0100-91085,
PWBA PLASMA ARC CURRENT,AMAT ,0100-91086,AMAT / APPLIED MATERIALS PWBA PLASMA ARC CURRENT 0100-91086,
GA CLIP ACTUATOR DRIVE ASSY,AMAT ,9010-00729,AMAT / APPLIED MATERIALS GA CLIP ACTUATOR DRIVE ASSY 9010-00729,
HITEK DUAL RANGE PRE ACCEL PSU,,0090-91917,"AMAT / APPLIED MATERIALS 0090-91917, HITEK POWER: A1023050",
 ESS PSU 80V 185A 15KW DUAL,AMAT ,1140-00254,AMAT / APPLIED MATERIALS ESS PSU 80V 185A 15KW DUAL 1140-00254,
MFC Unit UFC1662 5SCCM N2O,AMAT ,3030-99014,"AMAT / APPLIED MATERIALS MFC, UNIT UFC1662 5SCCM N2O ",
PSU G1 6KV,AMAT ,1140-00109,AMAT / APPLIED MATERIALS PSU G1 6KV 1140-00109,
UNIVERSAL DAQ,AMAT ,9090-01176,AMAT / APPLIED MATERIALS UNIVERSAL DAQ 9090-01176,
FERROFLUIDIC SEAL 3/8 Shaft,AMAT ,3700-90309,"AMAT / APPLIED MATERIALS SEAL, FERROFLUIDIC 3/8 SHAFT 3700-90309",
PWBA GAP SERVO PCB XR80 IMPLANT,AMAT ,0100-91055,AMAT / APPLIED MATERIALS PWBA GAP SERVO PCB XR80 IMPLANT 0100-91055,
PWBA Gap Servo PCB,AMAT ,0100-00991,AMAT Applied Materials PWBA GAP SERVO 0100-00991,
Vacuum Interlock PCB Card,,0100-90881,AMAT / APPLIED MATERIALS Vacuum Interlock PCB Card 0100-90881,
PSU ACE-920A,AMAT ,0160-00016,AMAT / APPLIED MATERIALS PSU ACE-920A 0160-00016,
PWBA 24V 1A Power Supply,AMAT ,0100-90025,AMAT / APPLIED MATERIALS PWBA 24V 1A POWER SUPPLY 0100-90025,
TURBO VAC 361C,Leybold,11423,LEYBOLD TURBO VAC 361C P/N 11423,
G2 PROTECTION RESISTOR BOARD,AMAT ,9090-00640,AMAT G2 Protection Resistor Board 9090-00640,
PASSAGE FERROFLUIDE TRANSFERT ARM,AMAT ,3700-03375,AMAT PASSAGE FERROFLUIDE TRANSFERT ARM 3700-03375,
 THERMISTOR GAUGE CONTROLLER PCB,AMAT ,0120-93175,AMAT THERMISTOR GAUGE CONTROLLER PCB 0120-93175,
SOURCE MAGNET CONTROL PCB,AMAT ,0120-00559,AMAT Source Magnet Control PCB Board 0120-00559,
GUIDING TUBE PCB,AMAT ,0110-91085,AMAT GUIDING TUBE BD 0110-91085,
ARC VOLTAGE CONTROL BOARD,AMAT ,0100-94029,AMAT AMAT / APPLIED MATERIALS 0100-94029 ,
EDWARDS GAUGE INTERFACE BOARD,AMAT ,0100-90710,AMAT EDWARDS GAUGE INTERFACE BOARD 0100-90710,
BEAM PROFILER INTERFACE BOARD,AMAT ,0100-90286,AMAT BEAM PROFILER INTERFACE BOARD 0100-90286,
 PWBA BEAM PROFILER MICRCONTROLLER,AMAT ,0100-01662,AMAT PWBA BEAM PROFILLER MICROCONTROLLER 0100-01662,
SDS GAS INTERLOCK,AMAT ,0100-00986,AMAT SDS GAS INTERLOCK 0100-00986,
I/V CONVERTOR WHEEL BOARD,AMAT ,0100-00958,AMAT I/V CONVERTOR WHEEL BOARD 0100-00958,
I/V CONVERTOR BEAM PCB,AMAT ,0100-00929,AMAT I/V CONVERTOR PCB 0100-00929,
VENDOR INTERFACE PRE ACCEL PCB CARD,AMAT ,0100-00790,AMAT Vendor Interface Pre-Accel PCB 0100-00790,
ATMOS ELEV WH I/F ASSY,AMAT ,0090-93106,AMAT ATMOS ELEV WH I/F ASSY 0090-93106,
DAQ Board Type B,AMAT ,0090-90966,AMAT DAQ BOARD TYPE B 0090-90966,
TILT DRIVE ASSY QUANTUM,AMAT ,0010-93093,AMAT / APPLIED MATERIALS TILT DRIVE ASSY QUANTUM AMAT 0010-93093,
AUTO TRANSFORMER,AMAT ,30019,ESTRASIL AUTO TRANSFORMER PH/90AP ,
 SIMATIC IPC847C Rack PC,Siemens,IPC847C,SIEMENS SIMATIC IPC847C Rack PC,
Rectangular Dual Slit Valve,,0210X-CA24-BCU1,VAT 0210X-CA24-BCU1 Rectangular Dual Slit Valve,
Dual Slit Valve,VAT,0360X-CA24,VAT Dual Slit Valve 0360X-CA24-BCY1/0010 Model A-445883,
All-Metal Angle Valve,VAT,57132-GE21,"VAT All-Metal Angle Valve 57132-GE21-0004 Series 57.1, DN 40",
Alcatel and SPTS Parts Listing,,,Please use the following link to view this listing,
Air Bearing E19002370,Varian ,E19002370,Varian E19002370 Air Bearing ,
TMH 261 Turbo Vacuum Pump with TC 600 Controller,,D-35614 (TMH261YPX),"Pfeiffer Vacuum D-35614 Asslar Model TMH 261 YPX Turbo Vacuum Pump with Pfeiffer Vacuum TC 750 Turbo Pump Controller, Model No. PMC01712",
HiPace 300 Turbo Vacuum Pump with TC 400 Controller,Pfeiffer,PM-P03-900,"PFEIFFER VACUUM HIPACE 300 TURBO PUMP PM P03 900 WITH TC 400 CONTROLLER, DN 100 ISO-K, PMC01800A",
60kV HIGH VOLTAGE CONVERTER 0090-91246,Hitek,0090-91246,"Advance Hivolt (Hitek) 0090-91246-60KV Converter, High Voltage",
Advance Hivolt (Hitek) 1140-00248 80kV HIGH VOLTAGE CONVERTER,Hitek,1140-00248,"Advance Hivolt (Hitek) 1140-98035-80kV Converter, High Voltage Supply, Serial Number 194995",
WAFER ARM DRIVE ASSY,AMAT ,9010-01506,"AMAT WAFER ARM DRIVE ASSY (ORIGINAL PACKAGING, VACUUM SEALED)",
"COMPUTER ASSEMBLY, CONTROL",Varian ,E11092037,"Varian Computer Assembly, Control",
GSD Transformer,Axcelis,2400113,Axcelis GSD Transformer Isol 5kva 100KV DC,
Magnet Power Supply,Varian ,E11000142,Varian Magnet Power Supply E11000142,
E19000800 Trek Amplifier,Varian ,E19000800,20kV Trek Scan Amplifier for Varian E19000800,
On-Board Cryopump,CTI,8116469G002,CTI-Cryogenics On-Board Cryopump,
QX VME CONTROL CHASSIS ASSY,AMAT ,9090-01327,AMAT QX VME CONTROL CHASSIS ASSY,
"KIT,150mm VA OPTO BRD & FLAG",AMAT ,0240-92854,"AMAT KIT,150mm VA OPTO BRD & FLAG (original packaging, sealed)",
Turbo Pump Controller,Leybold,NT340M,Leybold Turbotronik NT340M Controller,
ASSY 45W XP PSU,AMAT ,0090-91640,"AMAT ASSY 45W XP P.S.U (original OEM packaging, sealed)",
DC Servo Motor 1000 Series,Aerotech,1050-04-5000-01,Aerotech 1000 Series DC Servo Motor,
330 Ionization Gauge Controller,,Model 00,Granville-Phillips 330 Ionization Gauge Controller Model 00,
Chopper Drive,AMAT ,0100-00011,"AMAT 0100-00011 PWB, CHOPPER DRIVE 1",
Flexible Coupling,AMAT ,0760-90008,AMAT Flexible Coupling (original packaging),
PWBA Wafer Orienter Microcontroller,AMAT ,0100-99018,"AMAT PWBA Wafer Orienter Microcontroller (original OEM packaging, sealed)",
Tilt Motor,AMAT ,1080-90080,"AMAT Tilt Motor, 6"" (New & Sealed)",
Vacuum Turbo Pump,Pfeiffer,Y266215A,Pfeiffer Vacuum Turbo Pump Model Type ATH1603M ,
PCB WH I/F MDL AMPLIFIER,AMAT ,0100-00223,"AMAT PCB WH I/F MDL AMPLIFIER (original OEM packaging, sealed)",
ASSY 24V 60W XP PSU,AMAT ,9090-00033,"AMAT Assy 24V 60W XP PSU (original OEM packaging, sealed)",
Hollow Gripper Assy GR 200 ITL,AMAT ,0010-99113,AMAT Hollow Gripper Assy 200MM ITL (NEW),
Elevator Drive Assy,Varian ,E11035771,Elevator Drive Assy for E500,
330 Ionization Gauge Controller,Axcelis,,330 Ionization Gauge Controller,
Centrifugal Pump,Price Pump,HP75CN,Centrifugal Pump HP75CN Series,
Varian 850A CCIG Gauge,Varian ,E23000001,Varian 850A CCIG Gauge for E500,
Cable Assy,Varian ,E16030733,Cable Assy for E500,
REV 3 PCB Assy Interface,Varian ,E15001820,REV 3 PCB Assy Interface for E500,
Ball Screw Elevator Drive,Varian ,E17046640,Ball Screw Elevator Drive for E500,
Optical Encoden Assy,Varian ,E19002300,Optical Encoden Assy for E500 / Visiion,
R-V PCB Three Port Loop Master,Varian ,E15005380,R-V PCB Three Port Loop Master for E500,
Analog Control PCB Vision,Varian ,E15002593,Analog Control PCB Vision for E500 / Visiion,
R.L-PCB Assy Dual Port Loop Master,Varian ,E15000041,R.L-PCB Assy Dual Port Loop Master for E500,
PCB Assy Light Link Interconnect,Varian ,104854001,PCB Assy Light Link Interconnect for E500,
X PCB Assy M Control,Varian ,E15000204,X PCB Assy M Control for E500,
PCB Motion Control BD,Varian ,E15000208,PCB Motion Control BD for E500,
Motor Lift Assy Roplat,Varian ,E11304631,Motor Lift Assy Roplat for E500,
Pitman Motor,Varian ,E12000810,Pitman Motor for E500 / Visiion,
PCB Assy Control BD Multi Vac,Varian ,E15002390,PCB Assy Control BD Multi Vac for E500,
Transducer Assy Pressure 3000,Varian ,E11514620,Transducer Assy Pressure 3000 for E500,
PCB Assy Wafer Orienter Amplifier,Varian ,E15004310,PCB Assy Wafer Orienter Amplifier for E500,
PCB Assy M.Conta/L,Varian ,E15000400,PCB Assy M.Conta/L for E500,
R2 PCB Assy RS232 MUX,Varian ,E15001980,R2 PCB Assy RS232 MUX for E500,
PCB Assy Exhaust Leaker Monitor,Varian ,E15002030,PCB Assy Exhaust Leaker Monitor for E500,
Harness Esserv Linear,Varian ,E16001062,Harness Esserv Linear for E500,
Harness Linear Motion Servu,Varian ,E16001063,Harness Linear Motion Servu for E500,
PCB Assy Digital I/O,Varian ,E15000031,PCB Assy Digital I/O for E500,
PCB Assy Motion Controller,Varian ,E15000201,PCB Assy Motion Controller for E500,
PCB Assy Terminal Controller,Varian ,E15004390,PCB Assy Terminal Controller for E500,
PCB Assy Motion Controller,Varian ,E15000204,PCB Assy Motion Controller for E500,
PCB Sub Assy Dose Controller,Varian ,112321003 REV J,PCB Sub Assy Dose Controller for E500,
Plasma Flood Supply,Varian ,E19002721,Plasma Flood Supply,
50V Specific Silicon Pro Visiion,Varian ,E19007540,50V Specific Silicon Pro Visiion,
Ecoderassy Vision OBS,Varian ,E11076820 REV A,Ecoderassy Vision OBS,
PO Supply 300 Watts,Varian ,E21000106,PO Supply 300 Watts,
PCB Assy RDAC,Varian ,10354003 REV 4,PCB Assy RDAC for E500,
Top Assy DCP88I 512K 4 Port PCB,Varian ,PT1010258-04M,Top Assy DCP88I 512K 4 Port PCB ,
Belt Drive Orienter Storage Assy,Varian ,E11001621,Belt Drive Orienter Storage Assy for E500,
LS-120 Floppy Drive,Varian ,LS120,LS-120 Floppy Drive,
Gauge Nude,Varian ,E37000094,Gauge Nude for for Visiion / E500,
Pfeiffer Turbo Pump Controller 750,Varian ,E2300307,Pfeiffer Turbo Pump Controller 750 for E500 / Visiion,
Pfeiffer TPS-201,Pfeiffer,,Pfeiffer TPS-201 for E500 / Visiion,
Koll Morgan Carriage Motor,Varian ,E19006050,Koll Morgan Carriage Motor for Visiion,
X Site Assy 200mm,Varian ,112212002,X Site Assy 200mm for Visiion,
Glassman P.S PS/MK30P 025,Varian ,E22000005,Glassman P.S PS/MK30P 025 for E500,
Assy 200mm S.I Multi,Varian ,E11007224,Assy 200mm S.I Multi for Visiion,
Motor Scan Activator,Varian ,E12002190,Motor Scan Activator ,
REV E Orienter Lift Assy,Varian ,E11001622,REV E Orienter Lift Assy for E500,
R-1 Supression PSU,Varian ,E19002171,R-1 Supression PSU for Visiion,
R-A OR E500 Computer,Varian ,E11092037,R-A OR E500 Computer,
P.S. Term Extraction,Varian ,E11000101,P.S. Term Extraction for E220,
Terminal Vacuum Gauge Controller,Varian ,E11003713,Terminal Vacuum Gauge Controller for E500,
PCB,Varian ,E15004521,PCB,
Kit Replacement NCS PSU,Varian ,E11373450,Kit Replacement NCS PSU for Vista,
NIB Controller Assy Servo Orienter,Varian ,E11001411,NIB Controller Assy Servo Orienter for E500,
Kestrel Spindle,Varian ,E11124540,Kestrel Spindle for Kestrel HE,
8200 Compressor NEW,Varian ,E81000120,8200 Compressor NEW,
Analyzer Magnet PSU,Varian ,E11000142,Analyzer Magnet PSU for E500,
PCB Assy Gas Flow Control,Varian ,E15001670,PCB Assy Gas Flow Control for E500,
200mm Roplat Silicon Coated Adapter,Varian ,E17041712,200mm Roplat Silicon Coated Adapter,
SI Platen Roplat Multipoint Assy,Varian ,E11007224,SI Platen Roplat Multipoint Assy,
200mm SI Cooled Platen,Varian ,E11059714,200mm SI Cooled Platen for Varian E500 Implanter,
Platen Tilt Controller Assy,Varian ,E11001051,Varian Platen Tilt Controller Assy,
"Artesyn Embedded Technologies, 600W PSU ",,MP6-3L-00 ,"Artesyn Embedded Technologies, 600W PSU MP6-3L-00 ",
Scanner Assy,Varian ,00-674685-00,Scanner Assy for Varian 3290 Sputter,
Insulator Table Heater,Varian ,00-682548-00,Insulator Table Heater for Varian 3290 Sputter,
Bearing Seal Assy,Varian ,04-709847-00,Bearing Seal Assy for Varian 3290 Sputter,
Magnet Assy,Varian ,04-707985-03,Magnet Assy for Varian 3290 Sputter,
"Blank Off, Source Flange",Varian ,00-680616-00,"Blank Off, Source Flange for Varian 3290 Sputter",
Clip Ring CV Mask,Varian ,00-678599-02,Clip Ring CV Mask for Varian 3290 Sputter,
NC Shield,Varian ,04-714049-01,NC Shield for Varian 3290 Sputter,
ViPS Can,Varian ,04-710446-06,ViPS Can for Varian 3290 Sputter,
"6"" Ceramic Ring Shield",Varian ,00-683707-01,"6"" Ceramic Ring Shield for Varian 3290 Sputter",
"6"" Ceramic Clip Ring",Varian ,00-682216-00,"6"" Ceramic Clip Ring for Varian 3290 Sputter",
Table Heater,Varian ,04-712198-01,Table Heater for Varian 3290 Sputter,
Quantum Motor,Varian ,04-707898-04,Quantum Motor for Varian 3290 Sputter,
Interlock & Control Interface PCB,Varian ,00-678450-01,Interlock & Control Interface PCB for Varian 3290 Sputter,
Air Cylinder,Varian ,04-714954-01,Air Cylinder for Varian 3290 Sputter,
Ceramic Insulator,Varian ,00-682884-00,Ceramic Insulator for Varian 3290 Sputter,
"Cassette 6""",Varian ,00-681359-00,"Cassette 6"" for Varian 3290 Sputter",
Flex Tube Assy,Varian ,00-678552-02,Flex Tube Assy for Varian 3290 Sputter,
Pin Quick Release ,Varian ,19-229899-00,Pin Quick Release  for Varian 3290 Sputter,
Bellows X Seal Assy,Varian ,04-710424-01,Bellows X Seal Assy for Varian 3290 Sputter,
Sensor Drive Motor,Varian ,04-716650-01,Sensor Drive Motor for Varian 3290 Sputter,
Flex Tube Assy,Varian ,04-719835-01,Flex Tube Assy for Varian 3290 Sputter,
Thermocouple,Varian ,27-180262-00,Thermocouple for Varian 3290 Sputter,
Clarostat Sensors,Varian ,960-00036-000,Clarostat Sensors for Varian 3290 Sputter,
E-P-Wandler Bloch,Varian ,9411,E-P-Wandler Bloch,
Ceramic Insulator,Varian ,04-719079-01,Ceramic Insulator for Varian 3290 Sputter,
Bellows L/L RAM Assy,Varian ,00-678274-01,Bellows L/L RAM Assy for Varian 3290 Sputter,
"Clip Ring CV Mask 6""",Varian ,DL50-A-814,"Clip Ring CV Mask 6"" for Varian 3290 Sputter",
"Insulator, Pressure Ring",Varian ,00-683443-02,"Insulator, Pressure Ring for Varian 3290 Sputter",
Air Cylinder,Varian ,00-678319-01,Air Cylinder for Varian 3290 Sputter,
Ring Isolation,Varian ,00-682539-00,Ring Isolation for Varian 3290 Sputter,
Range 500 SCCM Ar-Ventil,Varian ,0248A-11011,Range 500 SCCM Ar-Ventil for Varian 3290 Sputter,
Shield Assy for Ceramic,Varian ,00-683707-00,Shield Assy for Ceramic for Varian 3290 Sputter,
"Shield, Feedthru",Varian ,04-717625-01,"Shield, Feedthru for Varian 3290 Sputter",
Spring,Varian ,04-712167-01,Spring for Varian 3290 Sputter,
Ram Pad Collar,Varian ,04-712186-01,Ram Pad Collar for Varian 3290 Sputter,
Heat Distribution Plate,Varian ,00-682547-00,Heat Distribution Plate for Varian 3290 Sputter,
Table Insert,Varian ,00-683445-00,Table Insert for Varian 3290 Sputter,
"Shield 6"" Heater ",Varian ,04-712199-01,"Shield 6"" Heater for Varian 3290 Sputter",
"Shield 6"" F/P BO",Varian ,04-712165-01,"Shield 6"" F/P BO for Varian 3290 Sputter",
Shield Cavity 6,Varian ,04-715865-01,"Shield Cavity 6"" for Varian 3290 Sputter",
Flex Tubing Assy,Varian ,28-200704-00,Flex Tubing Assy for Varian 3290 Sputter,
Axsys Direct Drive spin motor,AMAT ,9240-03211,Axsys Direct Drive spin motor,
GSD200 Terminal Isolation Transformer,Axcelis,1172070,GSD200 Terminal Isolation Transformer,
GSD200 Sun Sparcstation 5 PC,Axcelis,600-3492-01,GSD200 Sun Sparcstation 5 PC,
GSD 150mm Implanter Disk *,Axcelis,,GSD 150mm Implanter Disk,
SHIELD GUIDE TUBE BOTTOM,AMAT ,76.32.0337.00,SHIELD GUIDE TUBE BOTTOM,
SHIELD GRAPHITE PRE MRS SLIT,AMAT ,76.32.0298.00,SHIELD GRAPHITE PRE MRS SLIT,
SHIELD GRAPHITE POST MRS SLIT,AMAT ,76.32.0458.00,SHIELD GRAPHITE POST MRS SLIT,
SHIELD GRAPHITE 55X94,AMAT ,76.32.0205.01,SHIELD GRAPHITE 55X94,
SCREEN SIDE ENTRY TUBE PFS,AMAT ,76.32.0341.00,SCREEN SIDE ENTRY TUBE PFS,
RING SUPP EXT,AMAT ,76.32.0392.00,RING SUPP EXT,
PLATE FRONT HALF SOURCE GRAPHITE,AMAT ,76.32.0364.00,PLATE FRONT HALF SOURCE GRAPHITE,
Mounting Supp Elec Ext,AMAT ,76.32.0397.00,Mounting Supp Elec Ext,
MOUNTING GRN ELEC EXT,AMAT ,76.32.0400.00,MOUNTING GRN ELEC EXT,
LINER ANTICATHODE,AMAT ,76.32.0316.00,LINER ANTICATHODE,
INSERT INNER,AMAT ,76.32.0310.00,INSERT INNER,
GUIDE TUBE SIDE PFS,AMAT ,76.32.0335.00,GUIDE TUBE SIDE PFS,
GRAPHITE GUIDE TUBE TOP PFS,AMAT ,76.32.0336.00,GRAPHITE GUIDE TUBE TOP PFS,
GRAPHITE GUIDE TUBE SIDE PFS,AMAT ,76.32.0334.00,GRAPHITE GUIDE TUBE SIDE PFS,
"GASLINE ASSY,INSULATED",AMAT ,DL30.32.0494.00,No Description,
FILAMENT ARC CHAMBER 2.4 PURE,AMAT ,DL63.32.0096.00,FILAMENT ARC CHAMBER 2.4 PURE,
CHAMBER ARC,AMAT ,76.32.0347.02,CHAMBER ARC,
BEAMSTOP GRAPHITE BLOCK 3 POS P'KIT,AMAT ,76.32.0391.00,BEAMSTOP GRAPHITE BLOCK 3 POS P'KIT,
APERTURE PRE-DEFINING,AMAT ,76.32.0388.00,APERTURE PRE-DEFINING,
"Fan 4"" 115vac Multi",AMAT ,1183229,"Fan 4"" 115vac Multi",
Fan 9500 PAPST 4214NGN,AMAT ,9600515,Fan 9500 PAPST 4214NGN,
Retainer Front Plate 9500 Source,AMAT ,0020-98908,Retainer Front Plate 9500 Source,
Clamp 9500 L/H PFS Filament,AMAT ,0020-82131,Clamp 9500 L/H PFS Filament,
"Moving clip assy, 125-150, 0 Deg SPL",AMAT ,0010-99165,"Moving clip assy, 125-150, 0 Deg SPL",
"Pipe Assy, Argon, Insulated (STD)",AMAT ,0040-93833,No Description,
"Clamp, filament, L/H",AMAT ,0020-81227,"Clamp, filament, L/H",
"Clamp, filament, R/H",AMAT ,0040-94018,"Clamp, filament, R/H",
Fan 9500 0600-90034,AMAT ,0600-90034,Fan 9500 0600-90034,
O RING SOURCE ISO VALVE VACUUM,AMAT ,3700-90140,O RING SOURCE ISO VALVE VACUUM,
O RING SOURCE ISO VALVE ATMOSPHERE,AMAT ,3700-90320,O RING SOURCE ISO VALVE ATMOSPHERE,
TRANSZORB - POST TO POST,SZS,0150-95943,TRANSZORB - POST TO POST,
TRANSZORB - POST TO GROUND,AMAT ,0150-90834,TRANSZORB - POST TO GROUND,
SPRING DRIVE,AMAT ,0020-83142,SPRING DRIVE,
SPACER EXTRACTOR,AMAT ,0020-83227,SPACER EXTRACTOR,
SLEEVE FILTER  KF32L 5-10 HM,AMAT ,4020-90040,SLEEVE FILTER KF32L 5-10 HM,
SENSOR LED EMITTER WAFER ON BLADE,AMAT ,1400-90017,SENSOR LED EMITTER WAFER ON BLADE,
SENSOR LED DETECTOR  WAFER ON BLADE,AMAT ,1400-90016,SENSOR LED DETECTOR WAFER ON BLADE,
SEAL TOP BEAMSTOP,AMAT ,0020-95175,SEAL TOP BEAMSTOP,
SEAL GASKET GRAPHITE BEAMSTOP 3 POSITION,AMAT ,0020-82399,SEAL GASKET GRAPHITE BEAMSTOP 3 POSITION,
SEAL GASKET BEAMSTOP 3 POSITION,AMAT ,0020-82380,SEAL GASKET BEAMSTOP 3 POSITION,
SEAL FLIGHTTUBE MRS FLANGE,AMAT ,3700-90389,SEAL FLIGHTTUBE MRS FLANGE,
SEAL FLIGHTTUBE ISO VALVE,AMAT ,3700-01051,SEAL FLIGHTTUBE ISO VALVE,
SEAL FLIGHTTUBE COVER ACCESS,AMAT ,3700-90006,SEAL FLIGHTTUBE COVER ACCESS,
SEAL BOTTOM BEAMSTOP,AMAT ,0020-95176,SEAL BOTTOM BEAMSTOP,
SCREW GRUB,AMAT ,3690-90526,SCREW GRUB,
REFLECTOR FILAMENT,AMAT ,0020-98914,REFLECTOR FILAMENT,
PSU ASSY 45W XP 9500 IMPLANTER (Repair),AMAT ,0240-97545,PSU ASSY 45W XP 9500 IMPLANTER (Repair),
O RING FLIGHT TUBE QUICK CONNECT,AMAT ,3700-90003,O RING FLIGHT TUBE QUICK CONNECT,
O RING BS0006 MULTI,AMAT ,3700-01007,O RING BS0006 MULTI,
O RING 85.09 X 53.3 MULTI,AMAT ,3700-90112,O RING 85.09 X 53.3 MULTI,
O RING 5.7 X 104.3 MULTI,AMAT ,3700-90245,O RING 5.7 X 104.3 MULTI,
O RING 3.53 X 107.54 VITON,AMAT ,3700-90122,O RING 3.53 X 107.54 VITON,
O RING 2.62 X 40.94 MULTI,AMAT ,3700-90243,O RING 2.62 X 40.94 MULTI,
O RING 2.62 X 31.42 MUTLI,AMAT ,3700-90124,O RING 2.62 X 31.42 MUTLI,
O RING 0.674 X 0.103 MULTI VIT,AMAT ,3700-90004,O RING 0.674 X 0.103 MULTI VIT,
NOZZLE OVEN SOURCE SLEEVE,AMAT ,0020-81226,NOZZLE OVEN SOURCE SLEEVE,
LINER SIDE,AMAT ,0020-98917,LINER SIDE,
LINER BEAMSTOP,AMAT ,0020-80452,LINER BEAMSTOP,
LINER BASE STD,AMAT ,0020-98916,LINER BASE STD,
INSULATOR SOURCE ASSEMBLY,AMAT ,0020-97557,No Description,
HEATSHIELD ARC CHAMBER,AMAT ,0020-81386,HEATSHIELD ARC CHAMBER,
GAUGE VACUUM 572 KF25,AMAT ,3310-90003,GAUGE VACUUM 572 KF25,
GAUGE ION   (VARIAN 160/10 SPA,AMAT ,5300019,GAUGE ION (VARIAN 160/10 SPA,
FINGER SHORT GRIPPER,AMAT ,0020-85167,No Description,
FINGER LONG GRIPPER,AMAT ,0020-84222,No Description,
CLIP CIRCLIP MULTI,AMAT ,0690-90077,CLIP CIRCLIP MULTI,
CLIP ASSM WHEEL,AMAT ,0040-94763,CLIP ASSM WHEEL,
BEAMSTOP GRAPHITE,AMAT ,0020-82832,BEAMSTOP GRAPHITE,
Assembly Moving Clip 200mm,AMAT ,0010-99166,Assembly Moving Clip 200mm,
ANTICATHODE BERNAS,AMAT ,0020-81482,ANTICATHODE BERNAS,
9500 PFS TRANSORB ASSY,AMAT ,0150-95016,9500 PFS TRANSORB ASSY,
9500 PFS APERATURE (VCI) GRAPHITE,AMAT ,0020-83931,9500 PFS APERATURE (VCI) GRAPHITE,
9500 BEAMSTOP LINER 3IMP4,AMAT ,0020-82404,9500 BEAMSTOP LINER 3IMP4,
Beamline Exhaust Tube,AMAT ,E78000179,No Description,
ASSY 65W XP PSU,AMAT ,0090-91641,ASSY 65W XP PSU,
Tube Exhaust 9500 PTFE Corrugated,AMAT ,3400-99011,Tube Exhaust 9500 PTFE Corrugated,
BELT TIMING HANDLER & IMP,AMAT ,3080-90010,BELT TIMING HANDLER & IMP,
Edwards STP-XH3203P Turbo Vacuum Pump,Edwards,YTT55-0Z-005,Edwards Turbo Pump,
A-Mag Power Supply,Nissin,NI070135-0,Nissin A-Mag Power Supply,
Chassis Assy Slave X4523,Spellman,407502-005,Spellman Chassis Assy Slave X4523,
ESG BSC I/O Unit,Nissin,,Nissin ESG BSC I/O Unit,
FC Suppressor Power Supply,Nissin,,Nissin FC Suppressor Power Supply,
Filament Power Supply,Nissin,NI111657-0,Nissin Filament Power Supply,
PFC Arc Power Supply,Nissin,NI100148-2-PN,Nissin PFC Arc Power Supply,
PFC EXT Power Supply,Nissin,NI100148-2-PN,Nissin PFC EXT Power Supply,
6kV Suppression Power Supply,Nissin,NI011364-0-S,Nissin 6kV Suppression Power Supply,
TC Gauge,Nissin,TVR-DC10,Nissin TC Gauge - TVR-DC10,
SCU-1600 Turbo Pump Control Unit,Edwards,YT76Z0Z00,Edwards SCU-1600 Turbomolecular Pump Control Unit,
Edwards iXH610 HV,Edwards,ACB102121100,Edwards iXH610 HV Pump,
Edwards iXH100 HV,Edwards,ACA102121000,Edwards iXH 100 HV Pump,
Gas Panel - Xenon Xe,AMAT ,9010-02283,Gas Panel - Xenon Xe,
Gas Panel - Silicon Tetrafluoride SiF4,AMAT ,0010-92515,Gas Panel - Silicon Tetrafluoride SiF4,
Gas Panel - Phosphine PH3,AMAT ,9010-01279,Gas Panel - Phosphine PH3,
Gas Panel - Germanium Tetrafluoride GeF4,AMAT ,0060-99022,Gas Panel - Germanium Tetrafluoride GeF4,
Gas Panel - Carbon Tetrafluoride CF4,AMAT ,9010-02033,Gas Panel - Carbon Tetrafluoride CF4,
Gas Panel - Carbon Dioxide CO2,AMAT ,9010-02032,Gas Panel - Carbon Dioxide CO2,
Gas Panel - Boron Trifluoride BF3,AMAT ,0060-90271,Gas Panel - Boron Trifluoride BF3,
Gas Panel - Arsine AsH3,AMAT ,0010-92514,Gas Panel - Arsine AsH3,
Eaton Powerware Online Rack/Tower,Eaton,PW9125 3000VA,"Eaton Powerware PW9125 3000VA Online Rack/Tower UPS, 230V",
Manifold Attachments,,,"Manifold Attachments are available as part of our Clearance Stock. Multiple quantities can be purchased at a significantly reduced price. For our ""Multi Buy"" deals within our Clearance Stock please contact a member of our sales team on
+44(0)117 938 0600 or email us at info@iessemiconductorparts.com. We will provide you with all the information you need.",
150mm Carousel Indexer,AMAT ,0040-92282,150mm Carousel Indexer,
Source Housing Chamber,AMAT ,0400-53955,Source Housing Chamber,
Graphite,AMAT ,,"Graphite is available as part of our Clearance Stock. Multiple quantities can be purchased at a significantly reduced price. For our ""Multi Buy"" deals within our Clearance Stock please contact a member of our sales team on
+44(0)117 938 0600 or email us at info@iessemiconductorparts.com. We will provide you with all the information you need.",
CTI Cryogenics Lines,CTI,,"CTI Cryogenics Lines are available as part of our Clearance Stock. Multiple quantities can be purchased at a significantly reduced price. For our ""Multi Buy"" deals within our Clearance Stock please contact a member of our sales team on
+44(0)117 938 0600 or email us at info@iessemiconductorparts.com. We will provide you with all the information you need.",
Edwards Pump Attachments,Edwards,,"Edwards Pump Attachments are available as part of our Clearance Stock. Multiple quantities can be purchased at a significantly reduced price. For our ""Multi Buy"" deals within our Clearance Stock please contact a member of our sales team on
+44(0)117 938 0600 or email us at info@iessemiconductorparts.com. We will provide you with all the information you need.",
Exhaust Ports,AMAT ,,"Exhaust Ports are available as part of our Clearance Stock. Multiple quantities can be purchased at a significantly reduced price. For our ""Multi Buy"" deals within our Clearance Stock please contact a member of our sales team on +44(0)117 938 0600 or email us at info@iessemiconductorparts.com. We will provide you with all the information you need.",
Faraday Cages,AMAT ,,"Faraday Cages are available as part of our Clearance Stock. Multiple quantities can be purchased at a significantly reduced price. For our ""Multi Buy"" deals within our Clearance Stock please contact a member of our sales team on +44(0)117 938 0600 or email us at info@iessemiconductorparts.com. We will provide you with all the information you need.",
PFS Spares,AMAT ,,"PFS Spare Parts are available as part of our Clearance Stock. Multiple quantities can be purchased at a significantly reduced price. For our ""Multi Buy"" deals within our Clearance Stock please contact a member of our sales team on +44(0)117 938 0600 or email us at info@iessemiconductorparts.com. We will provide you with all the information you need.",
Piping Attachments,AMAT ,,"Piping Attachments are available as part of our Clearance Stock. Multiple quantities can be purchased at a significantly reduced price. For our ""Multi Buy"" deals within our Clearance Stock please contact a member of our sales team on
+44(0)117 938 0600 or email us at info@iessemiconductorparts.com. We will provide you with all the information you need.",
Source Liners,AMAT ,,"Source Liners are available as part of our Clearance Stock. Multiple quantities can be purchased at a significantly reduced price. For our ""Multi Buy"" deals within our Clearance Stock please contact a member of our sales team on +44(0)117 938 0600 or email us at info@iessemiconductorparts.com. We will provide you with all the information you need",
Water Manifolds,,,"Water Manifolds are available as part of our Clearance Stock. Multiple quantities can be purchased at a significantly reduced price. For our ""Multi Buy"" deals within our Clearance Stock please contact a member of our sales team on +44(0)117 938 0600 or email us at info@iessemiconductorparts.com. We will provide you with all the information you need.",
5 Phase Stepper Controller *,AMAT ,0100-90172,5 Phase Stepper Controller,
DC Motor Drive,AMAT ,0100-91042,PWBA-DC Motor Drive DD,
Atmosphere Robot,AMAT ,0520-00062,Atmosphere Robot for Quantum X,
Implanter Wheel - 300mm (Non Populated),AMAT ,,Implanter Wheel - 300mm (Non Populated),
CIP Implanter Wheel - 200mm (Non Populated),AMAT ,,CIP Implanter Wheel - 200mm (Non Populated),
Implanter Wheel - 150mm (Fully Populated),AMAT ,,Implanter Wheel - 150mm (Fully Populated),
Implanter Wheel - 200mm (Non Populated),AMAT ,,Implanter Wheel - 200mm (Non Populated) + Stand,
Baldor AC Brushless Servo Motor,,BSM80N-375BA,Baldor AC Brushless Servo Motor,
Plasma Flood Chassis,AMAT ,0040-97140,Plasma Flood Chassis (Tested 19-10-19),
Bushing,Varian ,,Varian Bushing,
Accel Column ,Varian ,E17007400,Varian Accel Column,
6KW Converter,AMAT ,0090-90860,6KW Converter,
9500 Source Cooling Tube,AMAT ,0040-99120,9500 Source Cooling Tube,
Cold Cathode Vacuum Gauge,Varian ,E23000001,Varian 860A-2 Torr Cold Cathode Vacuum Gauge w/ Cables,
IHC Upgrade Kit for Quantum III (9240-03749),AMAT ,9240-03749,IHC Upgrade Kit for Quantum III (9240-03749),
IHC Extended Rear Panel for (9240-03749),AMAT ,0040-80384,IHC Extended Rear Panel (0040-80384),
IHC Upgrade Kit for Quantum III (9240-03749),AMAT ,"0040-80634, 0720-91547",Microswitch (0040-80634) & Housing Frame 4 Module (0720-91547),
Bias PSU,AMAT ,1140-00152,XHR600-2 Xantrex IHC Psu - BIAS,
Varian E500 Source,Varian ,,Varian E500 Source,
Varian E500 Orienter Lamp,Varian ,"E11001632, E110016333 ",Varian E500 Orienter Lamp,
Source Vaporizer (Qty. 5),AMAT ,0020-97516,Source Vaporizer (Qty. 5),
Source,AMAT ,,XR80 / Quantum 1 Source With G2 Electrode,
Source,AMAT ,,Quantum 2 / Quantum X Source,
Source,AMAT ,,9500xR Bernas Source,
Orienter Chamber,AMAT ,0010-93070,"8"" Orienter Chamber CVD/ETCH",
Dual Bellows Extraction Assembly,AMAT ,0040-95341,Dual Bellows Extraction Assembly,
60KV Mirror Assy,Varian ,E10047453,Varian E220/E500 (10047453) 60KV Mirror Assy,
Alum-A-Lift Bracket,Varian ,E17229560-250 Cryo ,Alum-A-Lift Bracket,
Varian Alum-A-Lift,Varian ,C800-65/65CSCR,"Varian Alum-A-Lift, Model No. (C800-65/65CSCR)",
MVME 335,AMAT ,0660-90092,MVME 335,
Cold Cathode Vacuum Controller,Varian ,E11003710,Cold Cathode Vacuum Controller for an E220 E500 Varian Ion Implanter.,
Angular Contact Bearing,,INA ZKLF3080-2RS,INA ZKLF30802RS Rubber Sealed Double Row Axial Angular Contact Ball Bearing,
150mm E Chuck,AMAT ,"0020-32168/B, 0010-10204/B",150mm E Chuck,
E500 Cassette Loading Mechanism,Varian ,E11001663,E500 Cassette Loading Mechanism,
E500 150mm Size Change Kit,Varian ,,E500 150mm Size Change Kit,
Electde Focus Twin F/Thro R340,AMAT ,0020-49487/B,Electde Focus Twin F/Thro R340,
Graphite,AMAT ,,Graphite,
Graphite,AMAT ,0020-24067/A,Graphite,
Indramat Cable,AMAT ,INK200-06-27-016,Indramat Cable,
AMAT 9500xR Isolation Transformer *,AMAT ,0190-90279,AMAT 9500xR Isolation Transformer complete with matching High Voltage Stack and Power Supplies.,
STL Stewart Transformers 26kVA Transformer,AMAT ,1360-00103,STL Stewart Transformers 26kVA Transformer,
AMAT xR80 STL Transformer ,AMAT ,1360-90103,AMAT xR80 STL Transformer,
Precision Electromagnet for xR80 ,AMAT ,0010-92170-ITL,Buckley Systems LTD Precision Electromagnet for xR80,
Suppression PSU Power Cable,AMAT ,,Suppression PSU Power Cable,
X5FA.P10/X5F.P3,AMAT ,,X5FA.P10/X5F.P3,
Varian VSEA Thermistor Gauge Cable,Varian ,E16031960,Varian VSEA Thermistor Gauge Cable,
Low Voltage Computer Cable,Varian ,E101344,Low Voltage Computer Cable,
CA PX75D.O-P/PX75E.,AMAT ,0620-02088,CA PX75D.O-P/PX75E.,
Hitachi 2464 Power Cable,Varian ,E41447,Hitcachi 2464 Power Cable,
CM 22AWG Power Cable,Varian ,E118871 ,CM 22AWG Power Cable,
AWM 2919,Varian ,E108998,AWM 2919,
XCE.P2/X6C.P4,AMAT ,,XCE.P2/X6C.P4,
X2A/X5A.P5,AMAT ,,X2A/X5A.P5,
Suppression PSU Power Cable,AMAT ,,Suppression PSU Power Cable,
"X5A.P14/CSI.J1/PSI.JI,J2",AMAT ,0150-95169,"X5A.P14/CSI.J1/PSI.JI,J2",
X5K.P11/X5FA.P11,AMAT ,,X5K.P11/X5FA.P11,
Extension Lead,AMAT ,80811 REVB,Extension Lead,
Coaxial Test Cable,,RG-58/U,Coaxial Test Cable,
X5FA.P5/X5F.P9,AMAT ,0150-94646,X5FA.P5/X5F.P9,
X5FA.P16/X5F.P2,AMAT ,0150-94651,X5FA.P16/X5F.P2,
Copper Earthing Cable,AMAT ,0150-92979,Copper Earthing Cable,
3X1BA.P2/3X8A.P6,AMAT ,0150-97070,3X1BA.P2/3X8A.P6,
Varian VSEA Thermistor Gauge Cable,Varian ,E16031960,Varian VSEA Thermistor Gauge Cable,
X5FA.P18/X5F.P8,AMAT ,,X5FA.P18/X5F.P8,
X4F.P9/X3B.P4/X3A.J10,AMAT ,0140-91186,X4F.P9/X3B.P4/X3A.J10,
Cryo Power Cable ,CTI,8112463G200,CTI Cryogenics Power Cable ,
Cable ,AMAT ,0150-97149,Cable ,
X5A.P12/X2A.P13,AMAT ,0150-94838,X5A.P12/X2A.P13,
BNC Cable Assy,AMAT ,0150-90163A,BNC Cable Assy,
X28C.P3/X22C.P1,AMAT ,0150-97147A,X28C.P3/X22C.P1,
Light Link Cable 1U,Varian ,E16008960,Light Link Cable 1U,
Light Link Cable 3U,Varian ,E16008970,Light Link Cable 3U,
X14A.P8/X1C.P4/X3A.P,AMAT ,0150-95881A,Misc Cable - X14A.P8/X1C.P4/X3A.P,
CFA Bulgin PSU Output,AMAT ,0150-95160B,CFA Bulgin PSU Output,
Indexer Input Cable,AMAT ,X1CP2,Indexer Input Cable,
Suppression PSU Lead,AMAT ,0150-97146,Suppression PSU Lead - X28C.P4/X22C.P2,
HD PFS ,AMAT ,,AMAT HD PFS for 9500xR (Fully Refurbished with New Graphite),
Scan Amplifier *,AMAT ,"0090-91099, 0090-91282 ",Scan Amplifier,
Source Bushing,AMAT ,,28mm Source Bushing for 9500,
Source Bushing,Varian ,,Source Bushing for XR80,
Source Bushing,AMAT ,0240-91623,40mm Source Bushing for 9500,
80KV Converter,AMAT ,0090-91131W,80KV Converter,
Accel Column,Eaton,,Accel Column for Eaton 6200 Implanter,
80KV Stack,AMAT ,0090-91917,80KV Stack,
Scan Drive,AMAT ,,Scan Drive,
Platen Tilt Servo Controller,Varian ,E11001051,Platen Tilt Servo Controller,
Recif BNO Microcontroller NEW,AMAT ,0090-91689,Recif BNO Microcontroller (NEW),
Scan Arm Ferro-Fluidic Seal,AMAT ,3700-99003,Scan Arm Ferro-Fluidic Seal,
Spin Motor Ferro-Fluidic Seal,AMAT ,3700-99021,Spin Motor Ferro-Fluidic Seal,
Direct Drive Spin Motor 9500XR / XR80 Series *,AMAT ,9240-00879,Direct Drive Spin Motor 9500XR / XR80 Series. Refurbished with full warranty.,
AMAT Decel Power Supply,AMAT ,1140-00165,AMAT Decel PSU,
Glassman WX Suppress PSU,AMAT ,0090-91155,Glassman WX Suppress PSU,
200KV Stack,AMAT ,0090-91033,200KV Stack,
160KV Stack,AMAT ,A1015850,NEW 160KV Stack,
160KV Converter,AMAT ,A1015850,160 KV Converter (NEW),
80KV Converter,AMAT ,0090-91917,80KV Converter,
Motech Power Supply MP80,AMAT ,0090-91596,MoTech Power Supply (NEW & Available),
BNO Microcontroller,,SW0300A01A70000,BNO Microcontroller,
Source Bushing,Varian ,,70Kv Source Bushing for E500,
Source Bushing,AMAT ,,Source Bushing for XR80,
Source Bushing,AMAT ,0040-51795 RE,Source Bushing for XR80,
Indramat Scan Motor,,8501314000,Indramat Scan Motor,
MRS Bushing,AMAT ,,MRS Bushing,
60KV Stack,AMAT ,0090-90388W,60KV Stack,
Heatsinks,AMAT ,0040-95291,200mm Heatsinks (NEW/REFURBISHED),
Heatsinks,AMAT ,0040-95292,150mm Heatsinks (USED),
Heatsinks,AMAT ,AMGCOG-211,Heatsinks ns/Bump Assy 200 CIP (USED),
Flight Tube,AMAT ,0040-94458 & 0010-91214,9500xR Flight Tube,
Fixed Restraints,AMAT ,0040-96525,200mm Fixed Restraints,
Stecker BND Indexer,,X1CP3,Stecker BND Indexer,
Indexer Input Cable,,X1CP1,Indexer Input Cable,
Power Supply,,WSR45UM44-C,Intergrated Power Designs PSU,
VME PCB,,VERSION V6000,VME PCB,
MRS Turbo,,TURBOVAC340M,MRS Turbo,
Dual Power Supply 280W,,TTIEX354RD,Dual Power Supply 280W,
Pfeiffer Vacuum Controller,Pfeiffer,TPS301-PC0418,Pfeiffer Vacuum Controller,
Pfeiffer Single Gauge Control,Pfeiffer,TPG 261,Pfeiffer Single Gauge Control,
Pfeiffer Turbo,Pfeiffer,TMU260,Pfeiffer Turbo Pump,
Toxic Gas Monitor,,TLD-1,Toxic Gas Monitor,
AC-Servo,,TDM1.2,Indramat AC-Servo,
Time Lapse VCR,,SR-L910EK,Time Lapse VCR,
Step Scan AMP,,SERVOSTAR620,Step Scan AMP,
Dowel Pins,,QFT6500183M,6x20mm Dowel Pins,
15V DC  Stepscan Power Supply,,PMC75E-2,15V DC  Stepscan Power Supply,
Pfeiffer Source Turbo Upgrade Parts + Vac Cable,Pfeiffer,PM 051 104 -T,Pfeiffer Source Turbo Upgrade Parts + Vac Cable,
Pfeiffer Vac Gauge + Manifold,Pfeiffer,PKR 251,Pfeiffer Vac Gauge + Manifold,
Servo Drive,,PC834-001-N,Servo Drive,
Brushless Servo Drive,,PC833,Brushless Servo Drive,
X Scan Controller,,OO17,X Scan Controller,
Turbo Pump Controller,Leybold,NT340M,Turbo Pump Controller,
N Port Interface Server,MOXA,NPORT5610-8RE,N Port Interface Server,
N Port Interface Server,MOXA,NPORT5610-16R,N Port Interface Server,
Q1611 Corner Block T Spacer,,M369,Q1611 Corner Block T Spacer,
Scan Tranducer Assy,,M-1025R,Scan Tranducer Assy,
Yokogawa Chart Recorder,,LR4210E,Yokogawa Chart Recorder,
Spectra Analyser,,LM76/LM501,Spectra Analyser,
Protection Module,,LB1-LD03M61,Protection Module,
Phantom MXII Interface,,ISUS2022,Phantom MXII Interface,
Phantom Specter RS232,,ISUS1026,Phantom Specter RS232,
Sensor,,IQ-1000,Sensor,
Bel Power Solutions Power Supply,,HE12-10.2-A,Bel Power Solutions Power Supply,
Hidden Vacuum Head,AMAT ,HAL100,Hidden Vacuum Head,
Residual Gas Analyser Unit,AMAT ,HAL 2/100,RGA - Residual Gas Analyser Unit,
Line Filter,,FN258P-75-34,Line Filter,
Area Flow Meter,,FC-2600,Area Flow Meter,
ESS Magnet Power Supply,Lambda/EMI,00481528,ESS Magnet Power Supply,
E5 Alignment Fixtures,AMAT ,ENCO 114046,E5 Alignment Fixtures,
Interface Server,MOXA,DE303,Interface Server,
24V AC 14A  Stepscan Power Supply,Edwards,CPP300PS24,24V AC 14A  Stepscan Power Supply,
Ethernet Box,Berkley Process Control,BX-RSS-2-A,Ethernet Box,
8 Axis Controller,Berkley Process Control,BX2-8/6-01-A,8 Axis Controller,
ISO Valve Bellows,,BLF-1011,ISO Valve Bellows,
Transformer 120/12V,,ATD4020,Transformer 120/12V,
Heat Exchange Pump,,A96496651 P20,Heat Exchange Pump,
FI Pump,,A2688VEF22-A0,FI Pump,
8 Port Ethernet Switch,,AT-FS708,8 Port Ethernet Switch,
Leak Check Cover Beamstop,,A-01-150,Leak Check Cover Beamstop,
Asyst Moca Clear Versa Port,,9700-6017-02,Asyst Moca Clear Versa Port,
Serial Later Face Driver,AMAT ,926105,150mm Serial Later Face Driver,
Quadruple Alignment Jig,Eaton,8250HT,Quadruple Alignment Jig,
CTI Onboard Fast Regen Module,CTI,8113042-G002,CTI Onboard Fast Regen Module,
Cryo Compressor Controller,CTI,80432026002,Cryo Compressor Controller,
Tricow Delta Computer,,7408-14H,Tricow Delta Computer,
Sun Micro Sparc Station 5,,600-3903-03,Sun Micro Sparc Station 5,
Axcelis 150/200pc,,547932 REV.A,Axcelis 150/200pc,
FI Ionisation Controller,,5024E,FI Ionisation Controller,
Quad Magnet Power Supply,Varian ,E11000090,Quad Magnet Power Supply (Parts Only),
Genus PSI Extender PCB,,43510-00,Genus PSI Extender Card,
Light Curtain Controller,,42749-4011,Light Curtain Controller,
Turbo Pump,Leybold,361C,Turbo Pump,
Pen Display Monitor,,3019HA03,Pen Display Monitor,
Power Distribution Box,Berkley Process Control,300-003-873,Power Distribution Box,
Tylan Flow Meter,,2900 SERIES,Tylan Flow Meter,
Remote Power Supply,,271313D,Remote PSU,
Extension Lead,,262-1154,Extension Lead,
Electromagnetic Coil,,25725,Electromagnetic Coil,
Step Scan Mains Line Filter,,25/100/21,Step Scan Mains Line Filter,
Steel Template,,2086224,Steel Template,
KVM Switch,,1SU52022,KVM Switch,
Wafer Orienter Micro Controller,AMAT ,187ART2800,Wafer Orienter Micro Controller,
ISO Valve,,12040-PA24-00,E500 ISO Valve,
Kaiser Systems E Gun,,1101309,Kaiser Systems E Gun,
Heat Exchanger,,10246-0301,Heat Exchanger,
Vac Bellows,AMAT ,1016-26001REV,Vac Bellows,
Moving Clip Assembly,,10098186,200mm Moving Clip Assembly (NEW/REFURBISHED),
BX300 Controller (8 Axis/3 Drives),Moog,100-000-943,BX300 Controller (8 Axis/3 Drives),
Pre-Alligner,,100-000-871-0,Pre-Alligner,
Vac Gauge,,20347057,Vac Gauge,
Ground-Foss Pump Shaft Seals (4 Off),Varian ,985167,Ground-Foss Pump Shaft Seals (4 Off),
Beamline Soft Start Unit,SZS,EN60947-4-2,Beamline Soft Start Unit,
Total Energy Monitor,Glassman,RD200,Total Energy Monitor,
Spin Power Supply,AMAT ,0090-91557,Spin Power Supply,
Step Scan Turbo Controller,Edwards,D3961600,Step Scan Turbo Controller,
Active Gauge Controller,Edwards,D38665000,Active Gauge Controller,
Focus & Deflect Interface,Eaton,5990-0150-000,Focus & Deflect Interface,
Scan System II PCB,Eaton,5990-0086-000,Scan System II PCB,
Scan Monitor & Chiller Interface,Eaton,5990-0027-000,Scan Monitor & Chiller Interface,
Channel Driver & Monitor,Eaton,5990-0008-000,Channel Driver & Monitor,
Beam Monitor Comm PCB,Eaton,5990-0006-000,Beam Monitor Comm PCB,
Fibre Optic Controller,Eaton,5990-0003-000,Fibre Optic Controller,
High Voltage Resistor Stack,Eaton,,High Voltage Resistor Stack - AHV-PG-1-180P,
PCB,Eaton,0301-0360-000REV,PCB,
PCB,Eaton,0301-0311-000REV,PCB,
PCB ,Eaton,0301-0300-000REV,PCB,
PCB,Eaton,0301-0287-000,PCB,
PS End Station Control Texion,Eaton,0301-0245-000,PS End Station Control Texion,
Chamber Aperture,Eaton,0295-0006-200,Chamber Aperture,
Shorting Bar,AMAT ,3020-90035,Shorting Bar,
Gripper Motor,AMAT ,1080-00069,Gripper Motor,
Die Current Monitor,AMAT ,1070-00026,Die Current Monitor,
Extraction Electrode,Eaton,1550-0014-300,Extraction Electrode,
Beamstop Graphite,Varian ,1031291-0067,Beamstop Graphite,
X Scan Controller,AMAT ,0500-00232,X Scan Controller,
Wide Beam Jig,AMAT ,0270-90203,Wide Beam Jig,
Beam Align Profile,AMAT ,0270-90203,Beam Align Profile,
Dual Bellows Extraction Alignment Jig,AMAT ,0270-90201,Dual Bellows Extraction Alignment Jig,
Beam Align Profile,AMAT ,0270-90199,Beam Align Profile,
ION Gauge Power Supply Extender PCB,AMAT ,0270-90075,ION Gauge Power Supply Extender Card,
Contactor Drive Extender PCB,AMAT ,0270-90071,Contactor Drive Extender PCB,
Beam Profile Setup Jig,AMAT ,0270-00337,Beam Profile Setup Jig,
Leap II Extraction Jigs,AMAT ,0270-00296,Leap II Extraction Jigs,
Cassette Alignment Kit,AMAT ,0250-90453,"6"" & 8"" Cassette Alignment Kit",
Arc Discharge Power Supply,Eaton,0342-1431-000,Arc Discharge Power Supply,
Shield Assy,Eaton,0342-0934-300,Shield Assy,
Beam Guide,Eaton,0342-0838-400,Beam Guide,
Source Can,Eaton,0342-0562-200,Source Can,
Supression Feed Through,Eaton,0342-0384-100,Supression Feed Through,
Vaporizer Power Supply,Eaton,0980-0081-000,Vaporizer PSU,
Front Panel Control,Eaton,0569-0196-000,Front Panel Control,
Scan System II PCB,Eaton,0567-0302-000,Scan System II PCB,
AC Line Monitor,Eaton,0567-0284-000,AC Line Monitor,
PCB ,Eaton,0567-0272-000,PCB,
Stepper Motor Controller,Eaton,0567-0270-000,Stepper Motor Controller,
3 Cyro Remote Switch,Eaton,0567-0259-000,3 Cyro Remote Switch,
Source Term Data Link,Eaton,0567-0254-000,Source Term Data Link,
Beam Monitor Back Plate,Eaton,0567-0241-000,Beam Monitor Back plate,
Beam Shutter Interface,Eaton,0567-0240-000,Beam Shutter Interface,
Fibre Optic RCVR PCB,Eaton,0567-0234-000,Fibre Optic RCVR PCB,
PCB ,Eaton,0567-0232-000,PCB ,
PCB,Eaton,0567-0229-000,PCB,
Micro Step Controller,Eaton,0567-0212-000,Micro Step Controller,
Scan Generator,Eaton,0567-0205-000,Scan Generator,
Front Panel Control,Eaton,0567-0196-000,Front Panel Control,
Front Panel Controller,Eaton,0567-0195-000,Front Panel Controller,
Magnet Power Supply Regulator Texion,Eaton,0567-0091-300,Magnet Power Supply Regulator Texion,
Tilt & Rotate Cont 24v,Eaton,0567-0039-000,Tilt & Rotate Cont 24v,
Ion Gauge Controller,Eaton,0567-0027-000,Ion Gauge Controller,
Inline Valve,Edwards,IPV40PKA-NTP,Inline Valve,
D.C. UPS,ESP,0247/AIT3,D.C. UPS,
Suppression Supply ,Glassman,PS/KL030N100Y,20 KV Power Supply,
Rev B Motion Control PCB,AMAT ,SBA-10/100H,Rev B Motion Control PCB,
KF40 Valve + Soilenoid,Edwards,CA1644000,KF40 Valve + Soilenoid,
BOC Edwards Active Gauge,,D14641000,BOC Edwards Active Gauge,
Valve,Edwards,C41646000,Edwards High Vac Int Valve,
Valve,Edwards,C31315000,Edwards High Vac Int Valve,
Power Supply,Glassman,0090-93027,Glassman ER PSU,
Remote Pump Controller,Edwards,IQDP80-QMB500,Edwards High Vac Int Remote Pump Controller,
MRS Exhaust,Edwards,PV40PKA DBL-B,MRS Exhaust,
Source Turbo Valve,Edwards,PV40PKA,Source Turbo Valve,
MRS Turbo Backing Valve,Edwards,PV25PKA-DBL-B,MRS Turbo Backing Valve,
H.V Output,Glassman,PCA 1033,Glassman H.V Output,
Pfeiffer Resolver Turbo Control,Pfeiffer,TCP121,Pfeiffer Resolver Turbo Control,
Resolver Aperture Turbo Control,Pfeiffer,PEIFFER TCP1,Resolver Aperture Turbo Control,
Orienter Controller,AMAT ,0100-90992,"Orienter Controller (original OEM packaging, sealed)",
DAQ MK II Type H,AMAT ,0090-90967,DAQ MK II Type H,
Accel Electrode Drive,AMAT ,0040-92932,Accel Electrode Drive,
Heatsinks,AMAT ,0040-02678,200mm Heatsinks (USED),
Heatsinks,AMAT ,0040-01455,150mm Heatsinks (USED),
Mercury Slip Ring,AMAT ,0020-91676,Mercury Slip Ring,
Clamp Plate,AMAT ,0020-83171,Clamp Plate,
Hollow Gripper,AMAT ,0020-82956,150mm Hollow Gripper,
Ceramic Blade,AMAT ,0020-82890,"8"" Ceramic Blade",
Wafer On H/Sink Sensor,AMAT ,0020-81812,Wafer On H/Sink Sensor,
PFG Magnet Assy,AMAT ,0020-80618,PFG Magnet Assy,
Cryo Torr Interface,AMAT ,8135903G001,Cryo Torr Interface,
Flight Tube,AMAT ,9010-02164,Quantum / Quantum X Flight Tube,
MRS Assembly,AMAT ,9010-02087,MRS Assembly,
DI Water Manifold,AMAT ,9010-01870,DI Water Manifold,
Soft Start,AMAT ,9010-01609,Soft Start,
MRS Assembly,AMAT ,9010-01600,MRS Assembly,
Blade,AMAT ,9010-013272,300mm Blade,
Extraction Clamping Box,AMAT ,9010-00701REV,Extraction Clamping Box,
Hollow Gripper,AMAT ,9010-00456,300mm Hollow Gripper,
VME PCB,AMAT ,,VME PCB,
Source Liners,AMAT ,,Source Liners,
Source Bushing,AMAT ,,34mm Source Bushing for 9500,
Source Bushing,AMAT ,,Source Bushing,
PT VME 330A,AMAT ,,PT VME 330A,
Post Accel Drive,AMAT ,,Post Accel Drive,
PFG Arc Power Supply,AMAT ,,PFG Arc PSU,
MVME 222-2,AMAT ,,MVME 222-2,
MVME 215-1,AMAT ,,MVME 215-1,
MVME 162-031,AMAT ,162-031,MVME 162-031,
LMAA,AMAT ,,LMAA,
Liner Beam Stop,AMAT ,,Liner Beam Stop,
Hard Drive,AMAT ,,Hard Drive,
Extender PCB,AMAT ,,Extender PCB,
DI Pump,AMAT ,,DI Pump,
DI Filter,AMAT ,,DI Filter,
Data Acquisition Type B PCB,AMAT ,,Data Acquisition Type B PCB,
Cover,AMAT ,,Cover,
Cooling Line,AMAT ,,Cooling Line,
Beamstop,,,Standard Beamstop,
Blade Drive Motor,AMAT ,,Blade Drive Motor,
Bias Power Supply,AMAT ,"1140-90180, 1140-90182",XHR 600 1.7 Xantrex Bias PSU,
Filament Power Supply *,AMAT ,1140-90090,AMAT Filament Power Supply 1140-90090,
Arc Power Supply,AMAT ,1140-90065,PFG Arc PSU,
Video Controller,AMAT ,0950-90265,Video Controller,
Suppression Box,AMAT ,0900-91209,Suppression Box,
FI Controller Chassis,AMAT ,0909-01180REV,FI Controller Chassis,
MVME 117-3,AMAT ,0950-90366,MVME 117-3,
Loop Controller,AMAT ,0660-90092,Loop Controller ,
VME CONTROL PCB VME162-031,AMAT ,0660-90126,Motorola VME162-031 Control PCB for AMAT Systems,
Unit 5000 Fibre Optic Interface,AMAT ,0906-0146-000,Unit 5000 Fibre Optic Interface,
125V/2A,AMAT ,0910-90094,125V/2A,
Graphics Card PCB,AMAT ,0660-90060,Graphics Card PCB,
VME Module,AMAT ,0660-90052,Motorola VME Module,
MVME 335,AMAT ,0660-90052,MVME 335,
Universal DAQ,AMAT ,0660-00633,Universal DAQ,
Loop Controller,AMAT ,0600-90083,Loop Controller,
Alignment Bracket,Varian ,E17069400/1,Alignment Bracket,
Focus Faraday Cup,Varian ,E11049671,Focus Faraday Cup,
Cassette Tilt Bracket (Left and Right),Varian ,E11001669,Cassette Tilt Bracket (Left and Right),
Decel Power Supply,Varian ,E11000290,Decel Power Supply,
Beam Current Measurement Module,AMAT ,9090-01047,Beam Current Measurement Module,
Processor Vacuum Control Chassis,AMAT ,9090-00962,Processor Vacuum Control Chassis,
Focus Resistor Clamp,AMAT ,9090-00979,Focus Resistor Clamp,
Vacuum Robot Amplifier,AMAT ,9090-01127,Vacuum Robot Amplifier,
Filament Power Supply,AMAT ,"1140-00154, 1140-00600, 1140-90182",XHR 7.5 80SP Filament PSU,
Arc Control DSP,AMAT ,9090-00976,Arc Control DSP,
Laser Controller Handling,AMAT ,9090-01144,Laser Controller Handling,
Laser Sensor Chassis,AMAT ,9090-01143,Laser Sensor Chassis,
Laser Sensor Chassis,AMAT ,9090-00961,Laser Sensor Chassis,
E-Chuck DC Power Supply,AMAT ,9090-01167,E-Chuck DC Power Supply,
PFS Chassis,AMAT ,9090-01180,PFS Chassis,
Gas Control Power Supply,AMAT ,9090-00879,Gas Control PSU,
Beamline Main Power Supply,AMAT ,9090-00846ITL,Beamline Main PSU,
Source / Magnet Turbo Controller,AMAT ,9090-00842REV,Source / Magnet Turbo Controller,
80KV Stack,AMAT ,9090-00801,80KV Stack,
Controller,AMAT ,9090-00809,Quantum X Controller,
Pre Accel ,AMAT ,9090-00803,Amag Pre Accel,
Source Magnet Power Supply,AMAT ,9090-00046,Source Magnet Power Supply,
Beamline Instrumentation Chassis,AMAT ,9090-00695,Beamline Instrumentation Chassis,
Remote CPU,AMAT ,9090-00630,Remote CPU,
ARC Power Supply,AMAT ,"1140-00151, 1140-00599",Xantrex XHR120-10 ARC Power Supply,
Arc Control DSP ,AMAT ,9090-01397,Arc Control DSP ,
Processor Vaccum Chassis,AMAT ,9090-91639,Processor Vaccum Chassis,
Step Scan Transformer,AMAT ,9091-00641,Step Scan Transformer,
Extraction Clamping Box Input Cable,AMAT ,9150-03125,Extraction Clamping Box Input Cable,
PFS Cable Kit,AMAT ,9150-03920,PFS Cable Kit,
Cable,AMAT ,9150-04108,Cable,
Energy Controller,AMAT ,9240-04325,Energy Controller,
Shorting Bar,AMAT ,9240-04481,Shorting Bar,
PFS Chassis,AMAT ,9240-04902,PFS Chassis,
PFS Chassis,AMAT ,9240-04939ITL,PFS Chassis,
Beamline PSU Chassis,AMAT ,9090-00626,Beamline PSU Chassis,
6kV Decel Power Supply,AMAT ,"9090-00473, 9090-01265",Decel PSU,
Beamline Vacuum Control Chassis,AMAT ,9090-00456,Beamline Vacuum Control Chassis,
Resistor Stack,AMAT ,9090-00442,Resistor Stack,
Master Computer,AMAT ,9090-004-101,Master Computer,
DAQ Type H,AMAT ,9090-00314,DAQ Type H,
Stepscan AMP Interface,AMAT ,9090-00273,Stepscan AMP Interface,
VME Rack Chassis,AMAT ,9090-00227,VME Rack Chassis,
Chassis Monitor PCB,AMAT ,9090-00145,Chassis Monitor PCB,
VME Rack,AMAT ,9090-00011,VME Rack,
Orientor Interlock Chassis,AMAT ,9090-00105,Orientor Interlock PCB,
PFS Chassis,AMAT ,9090-00104,PFS Chassis,
Beamline Instrumentation Chassis,AMAT ,9090-00097,Beamline Instrumentation Chassis,
Magnet Power Control Chassis,AMAT ,9090-00086,Magnet Power Control Chassis,
VME Rack (Missing All Circuit Boards),AMAT ,9090-00011,VME Rack (Missing All Circuit Boards),
Blanking Plate,Varian ,E500,Blanking Plate,
Varian Door Lock,Varian ,E19002241,E500 Varian Door Lock,
TM260,Varian ,E31000148,TM260,
TCP600 Source Turbo Control,Varian ,E23000063,TCP600 Source Turbo Control,
Spacers,Varian ,E40000907,Spacers,
Source Manipulator Suppression  Bracket,Varian ,E17066860,Source Manipulator Suppression  Bracket,
Source Housing Gasket,Varian ,E17086390,Source Housing Gasket,
Small Liner Graphite,Varian ,E17154740,Small Liner Graphite,
Shorting Bar,Varian ,E36000031,Shorting Bar,
PCB Assy 8 Port Serial,Varian ,E20000129,PCB Assy 8 Port Serial,
Nyliner,Varian ,E42000096,Nyliner,
Manifold Leak Check Assy,Varian ,E17053101,Manifold Leak Check Assy,
High Voltage Lead Shield,Varian ,E17103440,High Voltage Lead Shield,
Graphite Sheet,Varian ,E17154260,Graphite Sheet,
Fibre Optic Unit,Varian ,E20000227,Fibre Optic Unit,
Fibre Optic Graphics Modem,Varian ,E20000053,Fibre Optic Graphics Modem,
Ergo Turbo Lift,Varian ,E18010570,Ergo Turbo Lift,
Ergo Lift Faraday End Effector,Varian ,E19009630,Ergo Lift Faraday End Effector,
Bracket,Varian ,E18006390,Bracket,
Bracket,Varian ,E17259760,Bracket,
Data link Assy Magnet Term,,1166-0022-0002,Data link Assy Magnet Term,
Focus & Deflact Interface,,5990-0150,Focus & Deflact Interface,
Relais Driver / Status Interface PCB,,0303-018118,Relais Driver / Status Interface PCB,
HVPS - Termocouple INTFC PCB,,5990-0055,HVPS - Termocouple INTFC PCB,
Magnet Power Supply + Two Spare Capacitors,,94070044,Magnet Power Supply + Two Spare Capacitors,
Endstation Controller Assy,,1027-0037-0001,Endstation Controller Assy,
C Drive Unit 4600,,0906-0108-0001,C Drive Unit 4600,
Power Break's,,,Power Break's,
Accel/Decel Power Supply,,5980-0059-0001,Accel/Decel Power Supply,
Data link Assy Magnet Term 6200 A/AV,,1166-0002-0002,Data link Assy Magnet Term 6200 A/AV,
Uniteruptible Power Supply,,885-7307,Uniteruptible Power Supply,
Magnet Power Supply,,0342-1429-0002,Magnet Power Supply,
Vaporizor Power Supply,,0342-0982-4001,Vaporizor Power Supply,
Unit 6600,,,Unit 6600,
Focus/Deflector Power Supply,,,Focus/Deflector Power Supply,
PS/KA-PG-Driver,,M120660-2 revC,PS/KA-PG-Driver,
Ion Gauge Controller,,0906-0089-0001,Ion Gauge Controller,
Unit 4600 Beamline Interface Chassy,,3122-0008-0001,Unit 4600 Beamline Interface Chassy,
Unit 6800 Alien Equipment Interface,,0906-0114-0001,Unit 6800 Alien Equipment Interface,
Unit 4500 Relay Interface Chassy,,3122-0007-0001,Unit 4500 Relay Interface Chassy,
Unit 4700 Endstation Interface Chassy,,3122-0009-0001,Unit 4700 Endstation Interface Chassy,
Unit 4900 Endstation Cryo Monitor Interface,,3122-0005-0002,Unit 4900 Endstation Cryo Monitor Interface,
Unit 1600 Autocool/Watercool Chassy,,8452-0007-0001,Unit 1600 Autocool/Watercool Chassy,
Unit 4400 Terminal Interface Assy,,3122-0006-0001,Unit 4400 Terminal Interface Assy,
Unit 900 Scan Amplifier,,0342-0978-0008,Unit 900 Scan Amplifier,
Unit 4800 Beamline Cryo Monitor Interface,,3122-0005-0001,Unit 4800 Beamline Cryo Monitor Interface,
Unit 300,,4698-0002,Unit 300,
Turbo Controller Seiko Seiki,,STP-h1000c,Turbo Controler Seiko Seiki,
Filament Power Supply,,0342-1432-0001,Filament Power Supply,
Graphite Shield Target Entrance,Varian ,E17140800,Graphite Shield Target Entrance,
Graphite Shield (T/C Side),Varian ,E17120450,T/C SIDE SHIELD GRAPHITE,
Graphite Scanner,Varian ,E17026690,Graphite Scanner,
Graphite Lens Liner,Varian ,E17036410,Graphite Lens Liner,
Graphite Shield Analyzer (Long Upper),Varian ,E17145700,Graphite Shield Analyzer (Long Upper),
Lens Apature Graphite (Large),Varian ,E17039040,Lens Apature Graphite (Large),
Lens Apature Graphite (Small),Varian ,E17045790,Lens Apature Graphite (Small),
200mm Carousel Indexer,AMAT ,,200mm CAROUSEL INDEXER,
Scan Bracket,AMAT ,,SCAN BRACKET,
Graphite Lens Liner,Varian ,E17036400,LENS LINER GRAPHITE,
E500 Graphite Used In Scanner ,Varian ,E17026680,E500 Graphite Used In Scanner ,
Wafer On Blade Sensor,AMAT ,0020 82873,Wafer On Blade Sensor,
Source Handles,AMAT ,0020-98907,Source Handles,
Pfeiffer Vacuum Valve,Pfeiffer,,PFEIFFER VACUUM VALVE,
Fixed Restraints,AMAT ,0040-97599,"USED 4"" FIXED RESTRAINTS - AMAT 100mm Fixed Restraints ",
200MM Flat Aligner,AMAT ,0090-91689,200MM FLAT ALIGNER,
Scan Flag Block,AMAT ,0020-98619,SCAN FLAG BLOCK,
Clip Actuator,AMAT ,,CLIP ACTUATOR,
200mm Carousel,AMAT ,,200mm CAROUSEL ,
Indexer with BNO,AMAT ,0020-97018,AMAT 200mm Indexer with BNO,
Ribbon Cable,AMAT ,0150-92038,AMAT 0150-92038 Ribbon Cable,
13A Bulkhead Cable Set,AMAT ,0150-92041,AMAT 0150-92041 13A Bulkhead Cable Set,
200mm Indexer Conversion Bracket,AMAT ,0040-94792,AMAT 0040-94792 200mm Indexer Conversion Bracket,
Software Tape,AMAT ,5075-90163,AMAT 5075-90163 Software tape 4.07.00,
Software Tape,AMAT ,5075-90163,AMAT 5075-90163 Software tape 4.10.04,
Ion Gauge Power Supply,AMAT ,0100-90093,AMAT 0100-90093 Ion Gauge Power Supply,
XR200 Hard Drive,AMAT ,5075-90171,AMAT 5075-90171 XR200 Hard Drive,
Thermistor Gauge Controller,AMAT ,0120-90146,AMAT 0120-90146 Thermistor Gauge Controller,
CFA Indexer Body Flat Cable Assy,AMAT ,0140-99009,AMAT 0140-99009 CFA Indexer Body Flat Cable Assy,
Hard Drive Formatted Disk Drive,AMAT ,5075-90171,AMAT 5075-90171 Hard Drive Formatted Disk Drive,
Assy 45w-5v-XP PSU,AMAT ,0090-91642,AMAT 0090-91642 Assy 45w-5v-XP PSU,
Hollow Gripper,AMAT ,0010-91470,200mm Hollow Gripper,
Chamber Feedthrough,AMAT ,,AMAT  Chamber Feedthrough,
Carousel Hub,AMAT ,,Carousel Hub,
Chamber Phenumatic Lines,AMAT ,,Chamber Phenumatic Lines,
SCIM Box,AMAT ,"0090-91514, 0100-91071",AMAT 0090-91514 SCIM Box,
FWI Sensor,AMAT ,9010-00081,AMAT 9010-00081 FWI Sensor,
100-150mm Sensor Comb,AMAT ,0020-96737,AMAT 0020-96737 100-150mm Sensor Comb,
Shim 5mm,AMAT ,0020-94228,AMAT 0020-94228 Shim 5mm,
Bearing,AMAT ,3060-0023,AMAT 3060-0023 Bearing,
On Board Cryo Controller,CTI,,No Description,
Cryo Auto Purge,CTI,,No Description,
Cryo Leak Check Flange Kit,CTI,,No Description,
Cryo Absorber,CTI,9600/9700A,No Description,
Edwards Speedy Valve,Edwards,SP25K,No Description,
CTI Network Control,CTI,8113052G003,No Description,
Edwards Vacuum Gauge,Edwards,D02171000,No Description,
Varian Leak Test Kit,,,No Description,
Vacuum Interlock Extender Card,,,No Description,
Vac Cable,Pfeiffer,PM 051 104 -T,Vac Cable,
V.Large Torque Wrench,,,No Description,
Utilities Pressure Switch,,,No Description,
Thermistor Gauge Cable,,,No Description,
Test Cables,,,No Description,
Terminal Earth Piston,,,No Description,
T/C Door Micro Switch + Vibration,,,No Description,
Strip Light,,,No Description,
Spin Scan Relay Diagnostic Card,,,No Description,
Spectra Gas Analyser,,,No Description,
Source Magnet Coils,,,No Description,
Sony Monitor,,LMD-1040XC,Sony Monitor,
Set Up Jig,,,No Description,
Scope Leads,,,No Description,
Rear Monitor & Control,,,No Description,
Pump Baffle,,,No Description,
Pressure Gauges x3,,,No Description,
Portable LCD Monitor,,,No Description,
Pipes,,,No Description,
PFS Argon Gas Line,,,No Description,
Pfeiffer Vac Display,Pfeiffer,DCU001,Pfeiffer Vac Display,
MRS Leak Check Cans,,,No Description,
Iso Transformer,Varian ,E11041960,Model No.91095-31T Iso Transformer,
Misc Vacuum Lines,,,No Description,
Misc Spares 1 Box,,,Misc Spares 1 Box,
Misc Service Spares,,,No Description,
Misc Cover Plates,,,No Description,
Minus 15KV Decel Resistor Assy,,0090-91484,No Description,
Minus 15KV Decel Chassis,,,No Description,
Manipulator Graphite Kit,,,No Description,
Main Shaft Blank,,,No Description,
Main Power Distribution Panel & Lock,,,No Description,
LTH Resistivity Monitor,,DCD23,No Description,
Load Lock Sensors,,,No Description,
Load Lock Filter,,,No Description,
Litharge PA,,,No Description,
Light Link Tester,,,No Description,
Light Link Repair Kit,,,No Description,
Lift Bracket,,,No Description,
Leak Check Port,,,No Description,
Leak Check Nozzle,,,No Description,
Kit Test Leads,,,No Description,
Kit Leak Test Ports,,,Kit Leak Test Ports,
Isolation Valve,Varian ,E11000360,Isolation Valve,
Iso Valve Seal,,,No Description,
ION Gauge Tester,,,No Description,
Implant Accel Column Cart,,,Implant Accel Column Cart,
Impant - Nova - Strobe,,,No Description,
Helium Leak Check Lines,,,No Description,
Guass Meter,,REDFIELD 2,No Description,
Gripper Parts Kit,,,No Description,
Genus VME Bus Extender card,,,No Description,
Genus GPI Extender Card,,43057-00,No Description,
Flood Gun Fit,,,No Description,
Filter Housing Handle,,,No Description,
Fibre Optic Test Kit,,,No Description,
Feedthroughs & Shims,,,No Description,
Extension Lead,,,No Description,
Extender Card,,936-3010,No Description,
Exhaust Baffle,,,No Description,
Ergo Effector,,,No Description,
End Station Power Distribution Panel,,,No Description,
Electrical Feed Throughs,,,No Description,
DI Lines + Fittings,,,No Description,
D Plate Scan,,,D Plate Scan,
Clamp,,,No Description,
Modified Power Cable,Varian ,E16134300,Varian Modified Power Cable,
Bushing,,,No Description,
Barrier,,,No Description,
Argon Purge Module,,,No Description,
Alum-A-Lift Beam Stop Extender,,,Aluma Lift Beam Stop Extender,
Abb Contactors A30,,,No Description,
120V Surge Protector,,,No Description,
Wave Guide Cooling Plate,Varian ,,No Description,
Wafer Handling Effectors,Varian ,,Varian Wafer Handling Effectors,
Varian Power Supply,Varian ,E11005383,Varian Varian Power Supply E11005383,
Varian Backing Valve,Varian ,L6281-602,No Description,
Vacuum Gauge Control,Varian ,E11003710,Varian Vacuum Gauge Control E11000071,
Uniformity Controller,Varian ,E11001010,Varian Uniformity Controller E11001010,
Terminal Pneumatic Module,Varian ,E11064970,Varian Terminal Pneumatic Module E11064970,
Temperature Monitor,Varian ,E11001200,Varian Temperature Monitor E11001200,
Target Cup Vac Cup,Varian ,,No Description,
Power Supply Terminal Suppression,Varian ,E11000022,Varian E11000022 Power Supply Terminal Suppression,
Source Magnet Power Supply,Varian ,E11000092,Varian Source Magnet Power Supply E11000092,
Source Magnet Polarity Switch,Varian ,E11134160,Varian Source Magnet Polarity Switch E11134160,
Source Housing,Varian ,,Varian Source Housing,
Source Body,Varian ,,No Description,
Smoke Detector,Varian ,E11038421,No Description,
Six Phase Generator,Varian ,E19003380,Varian Six Phase Generator E19003380,
Setup Jig,Varian ,,Varian Setup Jig,
Setup Cup Vac Jig,Varian ,,No Description,
Set Up Faraday Pre Amp,Varian ,E11000351,Varian Set Up Faraday Pre Amp E11000351,
Scanning Faraday Controller | Rotating Platen Controller,Varian ,E11048881,Varian Scanning Faraday Controller | Rotating Platen Controller E11048881,
Scan Power Supply,Varian ,E19000790,Varian Scan Power Supply E19000790,
Scan Generator Controller,Varian ,E11005430,Varian Scan Generator Controller E11005430,
Safety Lance,Varian ,,No Description,
Roof Fan,Varian ,,No Description,
Right Elevator Controller,Varian ,E11000821,Varian Right Elevator Controller E11000821,
Right Arm Servo Control,Varian ,E11001000,No Description,
Quad Magnet Power Supply,Varian ,E11000090,Varian Quad Magnet Power Supply E11000090,
Proteus Flow Meter,Varian ,9100C24P3,No Description,
Power Supply Extraction Assy 75kV,Varian ,E11005382,"Varian Power supply extraction assy, 75kV. E11005382",
Pneumatic Assy Chassis Source Cabinet,Varian ,E11033360,Varian Pneumatic Assy Chassis Source Cabinet E11033360,
Platen + Faraday Control,Varian ,E11048881,Varian Platen + Faraday Control E11048881,
Pfeiffer Vac Control,Pfeiffer,DCU001,Varian Pfeiffer Vac Control DCU001,
Pfeiffer TCP5000 Source Turbo Control,Pfeiffer,E11003061,Varian Pfeiffer TCP5000 Source Turbo Control E11003061,
Pfeiffer Source Turbo PSU,Pfeiffer,D-35614,Varian Pfeiffer Source Turbo PSU D-35614,
Pfeiffer Source Turbo,Pfeiffer,,Varian Pfeiffer Source Turbo Pump,
Orientor Lifter Controller,Varian ,E11001690,No Description,
Orientor Control,Varian ,E11001411,Varian Orientor Control E11001411,
Misc Parts (Lots),Varian ,,No Description,
Manipulator Vac Can,Varian ,,No Description,
Manifold,Varian ,,No Description,
Magnet Cool Plate,Varian ,,Varian Magnet Cool Plate Varian,
Liner Graphite Dipol,Varian ,E17036410,Varian Liner Graphite Dipol E17036410,
Linear Motor Servo Controller,Varian ,E11001062,Varian Linear Motor Servo Controller E11001062,
Lens Magnet Power Supply,Varian ,E11000142,Varian Lens Magnet Power Supply E11000142,
Left Elevator Controller,Varian ,E11000821,Varian Left Elevator Controller E11000821,
Left Arm Servo Controller,Varian ,E11001000,Varian E11001000 Left Arm Servo Controller,
Iso Valve,Varian ,42500426,Varian Iso Valve Model No.944A0PHPNCSTS 42500426,
ION Source,Varian ,,No Description,
I/O Digital Multi PCB,Varian ,E15000031,No Description,
Handler Hubs,Varian ,,No Description,
Hall Probe Amplifier,Varian ,E11053620,Varian Hall Probe Amplifier E11053620,
Graphite Box,Varian ,,No Description,
Filament Power Supply,Varian ,E19000431,Varian Filament Power Supply E19000431,
Ferrofluidic,Varian ,E19000240,No Description,
Faraday Pre-Amp,Varian ,E11000351,Varian Faraday Pre-Amp E11000351,
Extraction Manipulator Controller,Varian ,E11005060,Varian Extraction Manipulator Controller E11005060,
Electrostatic Clamp Controller,Varian ,,Varian Electrostatic Clamp Controller,
Dose Intergrator,Varian ,E11001033,Varian Dose Intergrator E11001033,
CPU - Hard Drive Removed,Varian ,E11092032,Varian CPU - Hard Drive Removed E11092032,
Cooling Flange,Varian ,,No Description,
Constant Voltage Current Power Supply,Varian ,"E11005680, E11005370","Varian Constant Voltage Current Power Supply E11005680, E11005370",
Cold Cathode Vacuum Gauge,Varian ,,No Description,
Clean Leaded Glass,Varian ,,Varian Clean Leaded Glass (2 cases containing 9 glass plates),
Brake Actuator Assy,Varian ,E11087520,No Description,
"Blank Off Assy, Shipping, Accel Column",Varian ,E18001072,"Varian Blank Off Assy, Shipping, Accel Column E18001072",
Baffle/Source Exhaust,Varian ,,No Description,
Backing Valve,Varian ,C41401000,No Description,
Assembly Carrier,Varian ,,No Description,
ARC Power Supply,Varian ,E19000462,Varian ARC Power Supply E19000462,
Actuator Bellows,Varian ,,No Description,
Accel Suppression Power Supply,Varian ,E11001040,Varian Accel Suppression Power Supply E11001040,
60 KV Mirror Power Supply,Varian ,E11004140,Varian 60 KV Mirror Power Supply E11004140,
300kv HV Probe,Varian ,E19008650,Varian 300kv HV Probe E19008650,
"1/4"" Turbine",Varian ,,"Varian 1/4"" Turbine ",
0-30KV Power Supply,Varian ,E19000790,Varian 0-30KV Power Supply E19000790,
Vertical Lift Orientor Control,Varian ,E11001690,"Varian E11001690 CONTROLLER,VERTICAL LIFT/SCAN FARADAY",
Pfeiffer Turbo Control TPS600,Pfeiffer,TPS600,Varian Pfeiffer Turbo Control TPS600,
Light Links Kit ,Varian ,,No Description,
JL Cup Assy,Varian ,E110294890,Varian JI Cup Assy E110294890,
Gate Valve ,Varian ,,No Description,
Focus Faraday Vac Can ,Varian ,,No Description,
Electrode,Varian ,E11029460,Varian Electrode E11029460,
Chamber Blanks ,Varian ,,No Description,
Window,AMAT ,,No Description,
Wafer Vacuum Chassis,AMAT ,9090-00255,No Description,
Wafer Loader Valve Seat,AMAT ,,No Description,
Wafer Loader Vacuum M/Board,AMAT ,0100-90183,No Description,
Wafer Loader Isolation Valve,AMAT ,,No Description,
Wafer Arm Servo Motor,AMAT ,,AMAT Wafer Arm Servo Motor,
Wafer Arm Servo and Power Supply,AMAT ,9090-90250,AMAT Wafer Arm Servo and Power Supply,
Wafer Arm Position PCB,AMAT ,0100-90491,No Description,
Wafer Arm Motor Drive Assy,AMAT ,,AMAT Wafer Arm Motor Drive Assy,
Wafer Arm Interlock PCB,AMAT ,0100-90237,No Description,
Wafer Arm Gripper Interface PCB,AMAT ,0100-90944,No Description,
View Ports Windows,AMAT ,,No Description,
View Ports,AMAT ,,No Description,
Variable Supply Power Supply,AMAT ,0090-93024,AMAT Variable Supply PSU 0090-93024,
AMAT Vacuum Gauge Control,AMAT ,,No Description,
Vacuum Gauge,AMAT ,,No Description,
Vac Chamber Hardware,AMAT ,,No Description,
Utilities Manifold,AMAT ,,AMAT Utilities Manifold,
Turbo Pump Controller,AMAT ,0090-90993,AMAT Turbo Control 0090-90993,
Transducer Plate,AMAT ,,AMAT Transducer Plate ,
Transducer Control and Plate,AMAT ,,No Description,
Tetrode Chassis,AMAT ,"1140-90164, 9090-00801W",AMAT Tetrode Chassis 1140-90164,
Terminal Resistor Box,AMAT ,0090-00342,No Description,
Temp + Gas Control Chassis,AMAT ,9090-00106,No Description,
Target Vacuum Chassis,AMAT ,"9090-00246, 0240-00961",No Description,
Target System Ppneumatics Box,AMAT ,3930-90050,No Description,
Suppression Resistor Box,AMAT ,0090-00342ITL,No Description,
Suppression Power Supply,AMAT ,0240-96154,AMAT Suppression PSU,
Suppression Feedthrough,AMAT ,0090-91422,No Description,
Suppression Clamping Box,AMAT ,0090-91816,No Description,
Support Shields,AMAT ,PV40PKA,No Description,
Spin/Scan Interface,AMAT ,0090-93095,No Description,
Spin/Scan Control M/Board,AMAT ,0100-91059,No Description,
Spin Scan Interface Chassis,AMAT ,0090-91161,No Description,
Spin Scan Control Chassis,AMAT ,9090-00109,No Description,
Spin Scan Control,AMAT ,0090-93099ITL,AMAT Spin Scan Control 0090-93099ITL,
Spin Power Unit,AMAT ,"0090-91558, 0090-91557",AMAT Spin Power Unit 0090-91558,
9500xR Spin Amplifier,AMAT ,0090-91124,AMAT 9500xR Spin Amplifier 0090-91124,
Spin Motor Ferro-Fluidic Seal,AMAT ,,Spin Motor Ferro-Fluidic Seal,
Source Turbo Baffle,AMAT ,,No Description,
Source Leak Check Cans,AMAT ,,No Description,
AMAT Source Leak Check Can,AMAT ,,AMAT Source Leak Check Can,
Source ISO Valve,AMAT ,,No Description,
SIF 4,AMAT ,,No Description,
"Scan,Amatic Relays",AMAT ,,No Description,
Scan Motor Amp,AMAT ,0090-91158,No Description,
Scan Lead Screw,AMAT ,,No Description,
Scan Drive Plate,AMAT ,,No Description,
Scan Arm Ferro-Fluidic Seal,AMAT ,,Scan Arm Ferro-Fluidic Seal,
Scan Arm Drive,AMAT ,,No Description,
Scan Arm Bottom Lock Plate,AMAT ,,No Description,
Safety Switch IHC Retrofit,AMAT ,,No Description,
Robotic Interface PCB,AMAT ,0100-90761,No Description,
Purge/Vent Valves,AMAT ,,No Description,
Processor Window (375 x 325 mm),AMAT ,,No Description,
Processor Pneumatic Box + Argon MFC,AMAT ,,AMAT Processor Pneumatic Box + Argon MFC,
Pre Defining Guides,AMAT ,,No Description,
Pre Defining Aperture,AMAT ,,No Description,
Pre Accel + Magnet Control Chassis,AMAT ,9090-00861,No Description,
Pre Accel + Analysing Magnet Control Chassis,AMAT ,9090-00291,No Description,
Pre Accel & Magnet Control Chassis,AMAT ,0090-91463,No Description,
Position Confirmation Sensor,AMAT ,,No Description,
Port Window,AMAT ,,No Description,
Pneumatics Control PCB,AMAT ,0100-91095,No Description,
Pneumatics Box Processor,AMAT ,,AMAT Pneumatics Box Processor,
Pneumatics Box Chamber,AMAT ,,No Description,
Pneumatics Box,AMAT ,9240-02882,No Description,
Pneumatic Processor,AMAT ,,No Description,
Plasma Flooding Assy+Transport Box,AMAT ,,AMAT Plasma Flooding Assy+Transport Box,
Plasma Flood Control Chassis,AMAT ,0090-91717,No Description,
Plansee Suppression Graphite R150,AMAT ,11633332,No Description,
Plansee Ground Electrode,AMAT ,11632170,No Description,
Gas Vacuum Line,AMAT ,,Gas Vacuum Line,
PFS Power Supply Cables,AMAT ,0140-90672,No Description,
PFS Feedthrough Plate,AMAT ,,No Description,
PFS Feedthrough,AMAT ,,No Description,
PFS Cooling Lines,AMAT ,,No Description,
PFS Chassis,AMAT ,9090-00196,No Description,
PFS Argon Line,AMAT ,,No Description,
PFS Argon Controller,AMAT ,,No Description,
PFS Arc Chamber/Cooling,AMAT ,,No Description,
PDU DAQ Chassis,AMAT ,0090-91193,No Description,
Options Chassis,AMAT ,9090-00101,No Description,
Network Hub Router Interface,AMAT ,,No Description,
Network Hub,AMAT ,,No Description,
Multi Rail Power Supply,AMAT ,0090-91841,AMAT Multi Rail PSU 0090-91841,
MRS Neutral Pump,AMAT ,,No Description,
AMAT MRS Body,AMAT ,,No Description,
MRS Backing Valve,AMAT ,,No Description,
Magnet Power Supply,AMAT ,,No Description,
Magnet Power Controller Chassis,AMAT ,0090-91153,AMAT Magnet Power Controller Chassis 0090-91153,
Magnet Control,AMAT ,0090-91818,No Description,
AMAT Load Lock Filter,AMAT ,,No Description,
Linear Transducer,AMAT ,,AMAT Linear Transducer,
Linear Transducer + Plate,AMAT ,,No Description,
Lifting Aid Kit,AMAT ,,No Description,
Lift & Rotate Controller,AMAT ,,No Description,
Lift & Rotate Assembly,AMAT ,,No Description,
Isolation Tube,AMAT ,,No Description,
ISO Valve,AMAT ,,No Description,
ION Source Vac Can,AMAT ,,AMAT ION Source Vac Can,
ION Source Gate Valve,AMAT ,,No Description,
ION Source Body,AMAT ,,AMAT ION Source Body,
ION Gauge Controller,AMAT ,9090-91685,No Description,
Hiden Head,AMAT ,,No Description,
Hi Voltage Power Supply,AMAT ,,AMAT Hi Voltage PSU,
Heat Exchange Control Box,AMAT ,0240-61574,No Description,
Ground Suppression Power Supply,AMAT ,,No Description,
Ground Pneumatic Rod,AMAT ,,No Description,
Ground PSU Chassis,AMAT ,9090-00239,AMAT Ground PSU Chassis 9090-00239,
Gripper Gas Line,AMAT ,,No Description,
Gripper Box,AMAT ,,No Description,
Glassman Hi Voltage PSU + Decel Control Chassis,AMAT ,0090-91404,No Description,
Glassman Hi Voltage Power Supply,AMAT ,,AMAT Glassman Hi Voltage PSU,
General Extender Card,AMAT ,0100-90630,No Description,
Gauge Control,AMAT ,"D04847000, D38661000",No Description,
Gas Panel Pig Tails,AMAT ,,No Description,
Gas Box Controller,AMAT ,0090-91890,No Description,
Gas & Temp Chassis,AMAT ,,No Description,
Focus HV Line + Cable,AMAT ,,No Description,
Focus Feedthrough,AMAT ,,No Description,
Focus Electrode + Ground,AMAT ,,AMAT Focus Electrode + Ground,
Focus Decel Control + Power Supply,AMAT ,1140-90129,AMAT Focus Decel Control + Power Supply 1140-90129,
Flood Gun Power Supply,AMAT ,200011-563 6,AMAT Flood Gun Power Supply,
Flood Gun Gas Feedthrough,AMAT ,,No Description,
Flood Gun Feedthrough,AMAT ,,No Description,
Flood Gun Cooling Lines,AMAT ,,No Description,
Flight Tubes,AMAT ,,No Description,
Flight Tube Leak Check Kit,AMAT ,,No Description,
Flight Tube Covers,AMAT ,,No Description,
Flight Tube Cooling Plate,AMAT ,,AMAT Flight Tube Cooling Plate,
Ferro Blank,AMAT ,0020-05843,No Description,
Feed Through Kit,AMAT ,,No Description,
Feed Gun Power Supply,AMAT ,,AMAT Feed Gun PSU,
Exxtraction Assy,AMAT ,,No Description,
Extraction Vac Can,AMAT ,,No Description,
Extraction Leak Check Vac Can,AMAT ,,AMAT Extraction Leak Check Vac Can,
Extraction Clamp Box,AMAT ,9090-000152,AMAT Extraction Clamp Box 9090-000152,
Extraction Body,AMAT ,,No Description,
Extraction Assy Rebuild Kit,AMAT ,,No Description,
Extraction Assy,AMAT ,,AMAT Extraction Assy,
Extraction Assemblies (Qty 12),AMAT ,,No Description,
Exhaust Connectors,AMAT ,,No Description,
Dsource Vac Can,AMAT ,,No Description,
Door Control Box,AMAT ,0010-91962,No Description,
Dial Gauge,AMAT ,74111374,No Description,
Decel Ground Bar,AMAT ,,No Description,
Focus Cage,AMAT ,,Focus Cage,
DAQ Power Supply,AMAT ,,No Description,
Daq Inverter Extender Card,AMAT ,0270-90070,No Description,
D Link Ethernet Hub,AMAT ,DE-816TP,No Description,
Cryo On Board Interface,AMAT ,8115266G001,AMAT Cryo On Board Interface,
Cryo Lines,AMAT ,,No Description,
Controller Pneumatic Processor,AMAT ,3930-99002,AMAT Controller Pneumatic Processor 3930-99002,
Control Drive PCB,AMAT ,0100-9058B,No Description,
Control ChassisFocus Supply + Decel/Focus,AMAT ,0090-91806,No Description,
Contactor Chassis,AMAT ,,No Description,
Cold Cathode Gauge Cable,AMAT ,,No Description,
Cold Cathode Gauge + Manifold,AMAT ,525,No Description,
Clip Airlines,AMAT ,,No Description,
Cleanroom PC + Cables,AMAT ,0090-91815,No Description,
Cleanroom PC,AMAT ,,No Description,
Chamber Wafer Sensors,AMAT ,,AMAT Chamber Wafer Sensors,
Chamber Sensors,AMAT ,,AMAT Chamber Sensors,
Chamber Sensor Cables,AMAT ,,No Description,
Cassette To Blade Set Up Jig,AMAT ,,AMAT Cassette To Blade Set Up Jig,
Cassette Indexer Support,AMAT ,,No Description,
Cassette Indexer Kit,AMAT ,,No Description,
Cassette Indexer Jig (Comb to Array),AMAT ,0270-90179,No Description,
Indexer,AMAT ,,AMAT Cassette Indexer,
Carousel Sensors,AMAT ,,AMAT Carousel Sensors,
Carousel Relay Control,AMAT ,9010-00069,No Description,
Carousel Controllers,AMAT ,0010-92095,No Description,
Calibrated Vac Leak,AMAT ,,No Description,
XR80 Cable,AMAT ,0150-92808,AMAT XR80 Cable 0150-92808,
Cable Kit / Direct Drive,AMAT ,,AMAT Cable Kit / Direct Drive,
Blade Parts Kit,AMAT ,,No Description,
Blade Motor Drive,AMAT ,,No Description,
Blade Drive,AMAT ,,AMAT Blade Drive,
Beamstop Vac Flange,AMAT ,,No Description,
Beamstop Screws & Diodes,AMAT ,,No Description,
Beamstop Leak Check Flange,AMAT ,,No Description,
Beamline Instrumentation chassis,AMAT ,0090-91657,No Description,
Beam Stop Flowmeter,AMAT ,,No Description,
Beam Line Inst M/Board,AMAT ,0100-90967,No Description,
BNO - Batch Notch Orientor *,AMAT ,0010-91511,BNO - Batch Notch Orientor,
Atmosphere Switch,AMAT ,,No Description,
Arm Position Sensor PCB,AMAT ,0100-90790,No Description,
Arm Position Sensor,AMAT ,0090-90983,No Description,
Arm Gripper Controller,AMAT ,"0090-90983, 9090-00099, 0090-91664",No Description,
AR MFC Contoller,AMAT ,0240-93054,No Description,
Anti Latch PCB,AMAT ,0100-00415,No Description,
Analyser Magnet Power Supply,AMAT ,00481528,AMAT Analyser Magnet Power Supply 481528,
Alum-A-Lift Scan Motor Lift,AMAT ,,AMAT Alum-A-Lift Scan Motor Lift,
Advance Hi-Volt 6KV Pre Accel,AMAT ,0090-91917W,AMAT Advance Hi-Volt 6KV Pre Accel 0090-91917W,
A Mag Control PCB,AMAT ,0100-00272,No Description,
9500 Wafer Loader Contoller Pneumatic Box,AMAT ,3930-90060,AMAT 9500 Wafer Loader Contoller Pneumatic Box 3930-90060,
4 Phase Stepper Extender Card,AMAT ,0270-90074,No Description,
24v DC Power Supply,AMAT ,0100-90025,AMAT 24v DC PSU 0100-90025,
200mm Heatsink Flags x 34,AMAT ,0020-87407,No Description,
200mm Blade + Tip,AMAT ,,AMAT 200mm Blade + Tip,
15 Kv Decel Power Supply,AMAT ,,No Description,
Wafer Loader Control Chassis,AMAT ,0900-91851,AMAT Wafer Loader Control Chassis 0900-91851,
Wafer Loader Control Chassis,AMAT ,0090-91859,AMAT Wafer Loader Control Chassis 0090-91859,
Wafer Loader Control Chassis,AMAT ,0090-91563,AMAT Wafer Loader Control Chassis 0090-91563,
Vacuum Gauge Control,AMAT ,0090-91462,AMAT Vacuum Gauge Control 0090-91462,
Target System Instrumentation,AMAT ,9090-00100,AMAT Target System Instrumentation 9090-00100,
Suppression Power Supply,AMAT ,0090-93023,AMAT Suppression PSU 0090-93023,
Minus 15KV Decel Power Supply,AMAT ,0090-93028,AMAT Minus 15KV Decel Power Supply 0090-93028,
Minus 15KV Decel Power Supply,AMAT ,0090-91443,AMAT Minus 15KV Decel Power Supply 0090-91443,
ESS Magnet Power Supply,Lambda/EMI,00481240,ESS Magnet Power Supply,
Lift & Rotate Controller,AMAT ,0010-93011,AMAT Lift & Rotate Controller 0010-93011,
Blade Drive Motor + Ferrofluidic,AMAT ,URDM5913/50,AMAT Blade Drive Motor + Ferrofluidic URDM5913/50,
Fusion System 200ACU Asher,Fusion,,Fusion System 200ACU Asher,
Fusion Semiconductor Systems V150PC Photostabilizer,Fusion,,Fusion Semiconductor Systems V150PC Photostabilizer,
Filament PSU,AMAT ,"0090-90555, 0090-91602, 0090-91632, 0090-91535","AMAT 0090-90555 Filament PSU 200A at 5V, ARC & FIL CHASSIS MODULE",
Plasma Head Feedthrough,AMAT ,0020-80664,"AMAT 0020-80664 FLANGE, Plasma Head Feedthrough",
MRS Box,AMAT ,,AMAT MRS Box,
Assorted Vacuum Fittings,AMAT ,,Assorted Vacuum fittings,
Vacuum Reducers KF40-25/16,Edwards,,Edwards Vacuum Reducers KF40-25/16,
Isolation Valves,Varian ,,No Description,
Source/Extraction Leak check box,AMAT ,,No Description,
Isolation Valve Source,AMAT ,,No Description,
Flood Gun Assy,AMAT ,,AMAT Flood Gun Assy,
Bushing Supports,Varian ,,Varian Bushing Supports,
Faraday,Varian ,,Varian Faraday,
Beam Gate,Varian ,,Varian Beam Gate,
PA Faraday Cage,AMAT ,,AMAT PA Faraday Cage,
Extraction Assy,AMAT ,,AMAT Extraction Assy,
Source Isolation Valve,Varian ,,Varian Source Isolation Valve,
Manipulator Assembly,Varian ,E17001750-8,Varian Manipulator Assembly,
Scanner Assembly,Varian ,,No Description,
Neutral Pump + CCIG (Cold Cathode Ion Gauge),Varian ,,No Description,
Bushing Cooling Flange,Varian ,,Varian Bushing Cooling Flange,
Flight Tube,Varian ,,Varian Flight Tube for E500,
Source Flange,Varian ,,No Description,
Beamline Power Distribution,AMAT ,0090-91694,No Description,
Ion Source Controller IHC,AMAT ,,AMAT Ion Source Controller IHC,
Tetrode Power Supply ,Hitek,1140-00166,No Description,
Source + Mag Ion Gauge Controller,AMAT ,9090-00732,No Description,
Beamline Instrumentation Panel,AMAT ,9090-00926,No Description,
6 Kev Pre Accel Power Supply,Hitek,9090-00801,Hitec 9090-00801 6 Kev Pre Accel Power Supply,
E Diagnostic System Interface,,AS00348-02,MKS AS00348-02 E Diagnostic System Interface,
High Voltage Power Supply,Hitek,0090-91806,No Description,
Processor Vaccum Control Chassis,AMAT ,9090-00923,No Description,
Main Computer Master,AMAT ,9090-01195,No Description,
Vaccum Robot Amplifier Chassis,AMAT ,9090-01128,No Description,
80 Kev Pre Accel Power Supply,Hitek,9090-00801,No Description,
Focus and Decel PSU Interface,AMAT ,9240-04056,AMAT 9240-04056 Focus and Decel PSU Interface,
Main Computer Control,,9090-00808,No Description,
Pre Aligner 300mm,Berkley Process Control,100-000-871-02,Berkley Process Control 100-000-871-02 Pre Aligner 300mm,
Cryo Onboard Controller,CTI,8186518G003,No Description,
Wafer Loader Control Chassis,AMAT ,,AMAT Wafer Loader Control Chassis,
IHC Ion Source Assembly,AMAT ,,AMAT IHC Ion source assembly,
Flat Orienter Assy 150mm,AMAT ,,No Description,
Indexer Hub,AMAT ,,AMAT Indexer Hub,
Cassette on Tray Brackets,AMAT ,,AMAT Cassette on Tray Brackets,
Chamber Lid / Viewport,AMAT ,0270-09227-A,AMAT 0270-09227-A Chamber Lid / Viewport,
Pneumatic Valve,AMAT ,0010-00685,No Description,
Implanter Wheel - 200mm (Non Populated),AMAT ,,AMAT Implanter Wheel - 200mm (Non Populated),
Beam Profiler,AMAT ,0010-91751,AMAT 0010-91751 Beam Profiler Assy.,
IHC Chassis ,AMAT ,9090-00263 ITL,AMAT 9090-00263 ITL IHC Chassis with Power Supplies,
Source Isolation Gate Valve ,AMAT ,,AMAT/VAT Source Isolation Gate Valve,
MRS Pre Defining Aperture With Graphite ,AMAT ,,AMAT Pre Defining Aperture With Graphite,
HD PFS ,AMAT ,0240-91922,AMAT 0240-91922 XR80 HD PFS,
Process Chamber PFS Feedthrough Kit ,AMAT ,-,AMAT - Process Chamber PFS Feed through Kit,
Extended Source Housing Chamber ,AMAT ,0040-99208,AMAT 0040-99208 Extended Source Housing Chamber,
MRS Turbo Clamp/O Ring ,AMAT ,0020-82644,No Description,
200mm Cassette Lift and Rotate Assy,AMAT ,0010-92190 ITL,AMAT 0010-92190 ITL 200mm Cassette Lift and Rotate Assy,
PFS Chamber Liners ,AMAT ,"0020-868230020-86824",No Description,
PFS Diff. Pump Box Front Cover ,AMAT ,,No Description,
Scan Arm Hard Stop 9500 ,AMAT ,0020-82934,No Description,
KF/NW 50 Vacuum Line ,AMAT ,-,AMAT - KF/NW 50 Vacuum Line,
Electrode PA Region AKA Bird Cage ,AMAT ,-,AMAT - Electrode PA Region AKA Bird Cage,
XR80 Focus Assy ,AMAT ,020-84855,No Description,
XR80 Source Cooling Tube ,AMAT ,0040-02238,AMAT 0040-02238 XR80 Source Cooling Tube,
200mm Lift and Rotate Cassette Trays ,AMAT ,0010-92132,AMAT 0010-92132 200mm Lift and Rotate Cassette Trays,
MRS Source Liners ,AMAT ,,AMAT MRS Source liners,
Robust Cassette on Tray Sensor ,AMAT ,,Robust Cassette on Tray Sensor ,
Gate Valve ,AMAT ,11210-1003R,"200mm / 8"" Cryo Gate Valve",
Door Drive Motor & Linear Actuactor,AMAT ,,Wafer Loader Door Drive Motor & Linear Actuactor,
"6"" Flat 0x Wafer On Blade Sensor + Wiring ",AMAT ,0020-82873,AMAT 0020-82873 6 inch Flat 0x wafer on blade sensor + wiring,
Blade Carriage Assy ,AMAT ,0020-89105,No Description,
Mixed Parts,,,No Description,
